Id,URL,Host,Path,Status,Status Code,Method,Content Type,Client Name,Client Address,Remote Address,Request Start Time,Request End Time,Request Duration (ms),Response Start Time,Response End Time,Response Duration (ms),Duration (ms),Time Complete,Request Body Size (bytes),Response Body Size (bytes),Compressed Request Size (bytes),Compressed Response Size (bytes),Comment,Server IP Address,Server Certificate - Common Name,Server Certificate - DNSs,GraphQL Query Name
938,https://seesaw-cloud-agent-531853173205.europe-west1.run.app/story/enhance,seesaw-cloud-agent-531853173205.europe-west1.run.app,/story/enhance,Error,404,POST,application/json,192.168.1.9,192.168.1.9:62352,seesaw-cloud-agent-531853173205.europe-west1.run.app - 34.143.79.2:443,09:43:38.509,09:43:39.339,830,09:44:16.659,09:44:16.660,1,38151,09:44:16.660,764,22,0,0,,seesaw-cloud-agent-531853173205.europe-west1.run.app - 34.143.79.2:443,*.a.run.app,*.a.run.app; run.app; *.africa-south1.run.app; *.asia-east1.run.app; *.asia-east2.run.app; *.asia-northeast1.run.app; *.asia-northeast2.run.app; *.asia-northeast3.run.app; *.asia-south1.run.app; *.asia-south2.run.app; *.asia-southeast1.run.app; *.asia-southeast2.run.app; *.asia-southeast3.run.app; *.australia-southeast1.run.app; *.australia-southeast2.run.app; *.europe-central2.run.app; *.europe-north1.run.app; *.europe-north2.run.app; *.europe-north3.run.app; *.europe-southwest1.run.app; *.europe-west1.run.app; *.europe-west10.run.app; *.europe-west12.run.app; *.europe-west15.run.app; *.europe-west2.run.app; *.europe-west3.run.app; *.europe-west4.run.app; *.europe-west5.run.app; *.europe-west6.run.app; *.europe-west8.run.app; *.europe-west9.run.app; *.me-central1.run.app; *.me-central2.run.app; *.me-west1.run.app; *.northamerica-northeast1.run.app; *.northamerica-northeast2.run.app; *.northamerica-south1.run.app; *.southamerica-east1.run.app; *.southamerica-west1.run.app; *.us-central1.run.app; *.us-central2.run.app; *.us-east1.run.app; *.us-east4.run.app; *.us-east5.run.app; *.us-east7.run.app; *.us-south1.run.app; *.us-west1.run.app; *.us-west2.run.app; *.us-west3.run.app; *.us-west4.run.app; *.us-west8.run.app; *.africa-south1.mtls.run.app; *.asia-east1.mtls.run.app; *.asia-east2.mtls.run.app; *.asia-northeast1.mtls.run.app; *.asia-northeast2.mtls.run.app; *.asia-northeast3.mtls.run.app; *.asia-south1.mtls.run.app; *.asia-south2.mtls.run.app; *.asia-southeast1.mtls.run.app; *.asia-southeast2.mtls.run.app; *.asia-southeast3.mtls.run.app; *.australia-southeast1.mtls.run.app; *.australia-southeast2.mtls.run.app; *.europe-central2.mtls.run.app; *.europe-north1.mtls.run.app; *.europe-north2.mtls.run.app; *.europe-north3.mtls.run.app; *.europe-southwest1.mtls.run.app; *.europe-west1.mtls.run.app; *.europe-west10.mtls.run.app; *.europe-west12.mtls.run.app; *.europe-west15.mtls.run.app; *.europe-west2.mtls.run.app; *.europe-west3.mtls.run.app; *.europe-west4.mtls.run.app; *.europe-west5.mtls.run.app; *.europe-west6.mtls.run.app; *.europe-west8.mtls.run.app; *.europe-west9.mtls.run.app; *.me-central1.mtls.run.app; *.me-central2.mtls.run.app; *.me-west1.mtls.run.app; *.northamerica-northeast1.mtls.run.app; *.northamerica-northeast2.mtls.run.app; *.northamerica-south1.mtls.run.app; *.southamerica-east1.mtls.run.app; *.southamerica-west1.mtls.run.app; *.us-central1.mtls.run.app; *.us-central2.mtls.run.app; *.us-east1.mtls.run.app; *.us-east4.mtls.run.app; *.us-east5.mtls.run.app; *.us-east7.mtls.run.app; *.us-south1.mtls.run.app; *.us-west1.mtls.run.app; *.us-west2.mtls.run.app; *.us-west3.mtls.run.app; *.us-west4.mtls.run.app; *.us-west8.mtls.run.app; *.ssh.run.app; seesaw-cloud-agent-531853173205.europe-west1.run.app,
943,https://seesaw-cloud-agent-531853173205.europe-west1.run.app/story/enhance,seesaw-cloud-agent-531853173205.europe-west1.run.app,/story/enhance,Error,404,POST,application/json,192.168.1.9,192.168.1.9:62353,seesaw-cloud-agent-531853173205.europe-west1.run.app - 34.143.79.2:443,09:44:14.557,09:44:14.800,243,09:44:16.673,09:44:16.673,0,2116,09:44:16.673,1005,22,0,0,,seesaw-cloud-agent-531853173205.europe-west1.run.app - 34.143.79.2:443,*.a.run.app,*.a.run.app; run.app; *.africa-south1.run.app; *.asia-east1.run.app; *.asia-east2.run.app; *.asia-northeast1.run.app; *.asia-northeast2.run.app; *.asia-northeast3.run.app; *.asia-south1.run.app; *.asia-south2.run.app; *.asia-southeast1.run.app; *.asia-southeast2.run.app; *.asia-southeast3.run.app; *.australia-southeast1.run.app; *.australia-southeast2.run.app; *.europe-central2.run.app; *.europe-north1.run.app; *.europe-north2.run.app; *.europe-north3.run.app; *.europe-southwest1.run.app; *.europe-west1.run.app; *.europe-west10.run.app; *.europe-west12.run.app; *.europe-west15.run.app; *.europe-west2.run.app; *.europe-west3.run.app; *.europe-west4.run.app; *.europe-west5.run.app; *.europe-west6.run.app; *.europe-west8.run.app; *.europe-west9.run.app; *.me-central1.run.app; *.me-central2.run.app; *.me-west1.run.app; *.northamerica-northeast1.run.app; *.northamerica-northeast2.run.app; *.northamerica-south1.run.app; *.southamerica-east1.run.app; *.southamerica-west1.run.app; *.us-central1.run.app; *.us-central2.run.app; *.us-east1.run.app; *.us-east4.run.app; *.us-east5.run.app; *.us-east7.run.app; *.us-south1.run.app; *.us-west1.run.app; *.us-west2.run.app; *.us-west3.run.app; *.us-west4.run.app; *.us-west8.run.app; *.africa-south1.mtls.run.app; *.asia-east1.mtls.run.app; *.asia-east2.mtls.run.app; *.asia-northeast1.mtls.run.app; *.asia-northeast2.mtls.run.app; *.asia-northeast3.mtls.run.app; *.asia-south1.mtls.run.app; *.asia-south2.mtls.run.app; *.asia-southeast1.mtls.run.app; *.asia-southeast2.mtls.run.app; *.asia-southeast3.mtls.run.app; *.australia-southeast1.mtls.run.app; *.australia-southeast2.mtls.run.app; *.europe-central2.mtls.run.app; *.europe-north1.mtls.run.app; *.europe-north2.mtls.run.app; *.europe-north3.mtls.run.app; *.europe-southwest1.mtls.run.app; *.europe-west1.mtls.run.app; *.europe-west10.mtls.run.app; *.europe-west12.mtls.run.app; *.europe-west15.mtls.run.app; *.europe-west2.mtls.run.app; *.europe-west3.mtls.run.app; *.europe-west4.mtls.run.app; *.europe-west5.mtls.run.app; *.europe-west6.mtls.run.app; *.europe-west8.mtls.run.app; *.europe-west9.mtls.run.app; *.me-central1.mtls.run.app; *.me-central2.mtls.run.app; *.me-west1.mtls.run.app; *.northamerica-northeast1.mtls.run.app; *.northamerica-northeast2.mtls.run.app; *.northamerica-south1.mtls.run.app; *.southamerica-east1.mtls.run.app; *.southamerica-west1.mtls.run.app; *.us-central1.mtls.run.app; *.us-central2.mtls.run.app; *.us-east1.mtls.run.app; *.us-east4.mtls.run.app; *.us-east5.mtls.run.app; *.us-east7.mtls.run.app; *.us-south1.mtls.run.app; *.us-west1.mtls.run.app; *.us-west2.mtls.run.app; *.us-west3.mtls.run.app; *.us-west4.mtls.run.app; *.us-west8.mtls.run.app; *.ssh.run.app; seesaw-cloud-agent-531853173205.europe-west1.run.app,
945,https://seesaw-cloud-agent-531853173205.europe-west1.run.app/story/generate,seesaw-cloud-agent-531853173205.europe-west1.run.app,/story/generate,Completed,200,POST,application/json,192.168.1.9,192.168.1.9:62353,seesaw-cloud-agent-531853173205.europe-west1.run.app - 34.143.79.2:443,09:44:16.788,09:44:16.789,0,09:44:20.731,09:44:20.731,0,3943,09:44:20.731,609,415,0,0,,seesaw-cloud-agent-531853173205.europe-west1.run.app - 34.143.79.2:443,*.a.run.app,*.a.run.app; run.app; *.africa-south1.run.app; *.asia-east1.run.app; *.asia-east2.run.app; *.asia-northeast1.run.app; *.asia-northeast2.run.app; *.asia-northeast3.run.app; *.asia-south1.run.app; *.asia-south2.run.app; *.asia-southeast1.run.app; *.asia-southeast2.run.app; *.asia-southeast3.run.app; *.australia-southeast1.run.app; *.australia-southeast2.run.app; *.europe-central2.run.app; *.europe-north1.run.app; *.europe-north2.run.app; *.europe-north3.run.app; *.europe-southwest1.run.app; *.europe-west1.run.app; *.europe-west10.run.app; *.europe-west12.run.app; *.europe-west15.run.app; *.europe-west2.run.app; *.europe-west3.run.app; *.europe-west4.run.app; *.europe-west5.run.app; *.europe-west6.run.app; *.europe-west8.run.app; *.europe-west9.run.app; *.me-central1.run.app; *.me-central2.run.app; *.me-west1.run.app; *.northamerica-northeast1.run.app; *.northamerica-northeast2.run.app; *.northamerica-south1.run.app; *.southamerica-east1.run.app; *.southamerica-west1.run.app; *.us-central1.run.app; *.us-central2.run.app; *.us-east1.run.app; *.us-east4.run.app; *.us-east5.run.app; *.us-east7.run.app; *.us-south1.run.app; *.us-west1.run.app; *.us-west2.run.app; *.us-west3.run.app; *.us-west4.run.app; *.us-west8.run.app; *.africa-south1.mtls.run.app; *.asia-east1.mtls.run.app; *.asia-east2.mtls.run.app; *.asia-northeast1.mtls.run.app; *.asia-northeast2.mtls.run.app; *.asia-northeast3.mtls.run.app; *.asia-south1.mtls.run.app; *.asia-south2.mtls.run.app; *.asia-southeast1.mtls.run.app; *.asia-southeast2.mtls.run.app; *.asia-southeast3.mtls.run.app; *.australia-southeast1.mtls.run.app; *.australia-southeast2.mtls.run.app; *.europe-central2.mtls.run.app; *.europe-north1.mtls.run.app; *.europe-north2.mtls.run.app; *.europe-north3.mtls.run.app; *.europe-southwest1.mtls.run.app; *.europe-west1.mtls.run.app; *.europe-west10.mtls.run.app; *.europe-west12.mtls.run.app; *.europe-west15.mtls.run.app; *.europe-west2.mtls.run.app; *.europe-west3.mtls.run.app; *.europe-west4.mtls.run.app; *.europe-west5.mtls.run.app; *.europe-west6.mtls.run.app; *.europe-west8.mtls.run.app; *.europe-west9.mtls.run.app; *.me-central1.mtls.run.app; *.me-central2.mtls.run.app; *.me-west1.mtls.run.app; *.northamerica-northeast1.mtls.run.app; *.northamerica-northeast2.mtls.run.app; *.northamerica-south1.mtls.run.app; *.southamerica-east1.mtls.run.app; *.southamerica-west1.mtls.run.app; *.us-central1.mtls.run.app; *.us-central2.mtls.run.app; *.us-east1.mtls.run.app; *.us-east4.mtls.run.app; *.us-east5.mtls.run.app; *.us-east7.mtls.run.app; *.us-south1.mtls.run.app; *.us-west1.mtls.run.app; *.us-west2.mtls.run.app; *.us-west3.mtls.run.app; *.us-west4.mtls.run.app; *.us-west8.mtls.run.app; *.ssh.run.app; seesaw-cloud-agent-531853173205.europe-west1.run.app,
944,https://seesaw-cloud-agent-531853173205.europe-west1.run.app/story/generate,seesaw-cloud-agent-531853173205.europe-west1.run.app,/story/generate,Completed,200,POST,application/json,192.168.1.9,192.168.1.9:62352,seesaw-cloud-agent-531853173205.europe-west1.run.app - 34.143.79.2:443,09:44:16.788,09:44:16.789,0,09:44:22.477,09:44:22.477,0,5689,09:44:22.477,383,374,0,0,,seesaw-cloud-agent-531853173205.europe-west1.run.app - 34.143.79.2:443,*.a.run.app,*.a.run.app; run.app; *.africa-south1.run.app; *.asia-east1.run.app; *.asia-east2.run.app; *.asia-northeast1.run.app; *.asia-northeast2.run.app; *.asia-northeast3.run.app; *.asia-south1.run.app; *.asia-south2.run.app; *.asia-southeast1.run.app; *.asia-southeast2.run.app; *.asia-southeast3.run.app; *.australia-southeast1.run.app; *.australia-southeast2.run.app; *.europe-central2.run.app; *.europe-north1.run.app; *.europe-north2.run.app; *.europe-north3.run.app; *.europe-southwest1.run.app; *.europe-west1.run.app; *.europe-west10.run.app; *.europe-west12.run.app; *.europe-west15.run.app; *.europe-west2.run.app; *.europe-west3.run.app; *.europe-west4.run.app; *.europe-west5.run.app; *.europe-west6.run.app; *.europe-west8.run.app; *.europe-west9.run.app; *.me-central1.run.app; *.me-central2.run.app; *.me-west1.run.app; *.northamerica-northeast1.run.app; *.northamerica-northeast2.run.app; *.northamerica-south1.run.app; *.southamerica-east1.run.app; *.southamerica-west1.run.app; *.us-central1.run.app; *.us-central2.run.app; *.us-east1.run.app; *.us-east4.run.app; *.us-east5.run.app; *.us-east7.run.app; *.us-south1.run.app; *.us-west1.run.app; *.us-west2.run.app; *.us-west3.run.app; *.us-west4.run.app; *.us-west8.run.app; *.africa-south1.mtls.run.app; *.asia-east1.mtls.run.app; *.asia-east2.mtls.run.app; *.asia-northeast1.mtls.run.app; *.asia-northeast2.mtls.run.app; *.asia-northeast3.mtls.run.app; *.asia-south1.mtls.run.app; *.asia-south2.mtls.run.app; *.asia-southeast1.mtls.run.app; *.asia-southeast2.mtls.run.app; *.asia-southeast3.mtls.run.app; *.australia-southeast1.mtls.run.app; *.australia-southeast2.mtls.run.app; *.europe-central2.mtls.run.app; *.europe-north1.mtls.run.app; *.europe-north2.mtls.run.app; *.europe-north3.mtls.run.app; *.europe-southwest1.mtls.run.app; *.europe-west1.mtls.run.app; *.europe-west10.mtls.run.app; *.europe-west12.mtls.run.app; *.europe-west15.mtls.run.app; *.europe-west2.mtls.run.app; *.europe-west3.mtls.run.app; *.europe-west4.mtls.run.app; *.europe-west5.mtls.run.app; *.europe-west6.mtls.run.app; *.europe-west8.mtls.run.app; *.europe-west9.mtls.run.app; *.me-central1.mtls.run.app; *.me-central2.mtls.run.app; *.me-west1.mtls.run.app; *.northamerica-northeast1.mtls.run.app; *.northamerica-northeast2.mtls.run.app; *.northamerica-south1.mtls.run.app; *.southamerica-east1.mtls.run.app; *.southamerica-west1.mtls.run.app; *.us-central1.mtls.run.app; *.us-central2.mtls.run.app; *.us-east1.mtls.run.app; *.us-east4.mtls.run.app; *.us-east5.mtls.run.app; *.us-east7.mtls.run.app; *.us-south1.mtls.run.app; *.us-west1.mtls.run.app; *.us-west2.mtls.run.app; *.us-west3.mtls.run.app; *.us-west4.mtls.run.app; *.us-west8.mtls.run.app; *.ssh.run.app; seesaw-cloud-agent-531853173205.europe-west1.run.app,
947,https://seesaw-cloud-agent-531853173205.europe-west1.run.app/story/enhance,seesaw-cloud-agent-531853173205.europe-west1.run.app,/story/enhance,Error,404,POST,application/json,192.168.1.9,192.168.1.9:62352,seesaw-cloud-agent-531853173205.europe-west1.run.app - 34.143.79.2:443,09:44:31.829,09:44:31.829,0,09:44:32.216,09:44:32.216,0,387,09:44:32.216,1329,22,0,0,,seesaw-cloud-agent-531853173205.europe-west1.run.app - 34.143.79.2:443,*.a.run.app,*.a.run.app; run.app; *.africa-south1.run.app; *.asia-east1.run.app; *.asia-east2.run.app; *.asia-northeast1.run.app; *.asia-northeast2.run.app; *.asia-northeast3.run.app; *.asia-south1.run.app; *.asia-south2.run.app; *.asia-southeast1.run.app; *.asia-southeast2.run.app; *.asia-southeast3.run.app; *.australia-southeast1.run.app; *.australia-southeast2.run.app; *.europe-central2.run.app; *.europe-north1.run.app; *.europe-north2.run.app; *.europe-north3.run.app; *.europe-southwest1.run.app; *.europe-west1.run.app; *.europe-west10.run.app; *.europe-west12.run.app; *.europe-west15.run.app; *.europe-west2.run.app; *.europe-west3.run.app; *.europe-west4.run.app; *.europe-west5.run.app; *.europe-west6.run.app; *.europe-west8.run.app; *.europe-west9.run.app; *.me-central1.run.app; *.me-central2.run.app; *.me-west1.run.app; *.northamerica-northeast1.run.app; *.northamerica-northeast2.run.app; *.northamerica-south1.run.app; *.southamerica-east1.run.app; *.southamerica-west1.run.app; *.us-central1.run.app; *.us-central2.run.app; *.us-east1.run.app; *.us-east4.run.app; *.us-east5.run.app; *.us-east7.run.app; *.us-south1.run.app; *.us-west1.run.app; *.us-west2.run.app; *.us-west3.run.app; *.us-west4.run.app; *.us-west8.run.app; *.africa-south1.mtls.run.app; *.asia-east1.mtls.run.app; *.asia-east2.mtls.run.app; *.asia-northeast1.mtls.run.app; *.asia-northeast2.mtls.run.app; *.asia-northeast3.mtls.run.app; *.asia-south1.mtls.run.app; *.asia-south2.mtls.run.app; *.asia-southeast1.mtls.run.app; *.asia-southeast2.mtls.run.app; *.asia-southeast3.mtls.run.app; *.australia-southeast1.mtls.run.app; *.australia-southeast2.mtls.run.app; *.europe-central2.mtls.run.app; *.europe-north1.mtls.run.app; *.europe-north2.mtls.run.app; *.europe-north3.mtls.run.app; *.europe-southwest1.mtls.run.app; *.europe-west1.mtls.run.app; *.europe-west10.mtls.run.app; *.europe-west12.mtls.run.app; *.europe-west15.mtls.run.app; *.europe-west2.mtls.run.app; *.europe-west3.mtls.run.app; *.europe-west4.mtls.run.app; *.europe-west5.mtls.run.app; *.europe-west6.mtls.run.app; *.europe-west8.mtls.run.app; *.europe-west9.mtls.run.app; *.me-central1.mtls.run.app; *.me-central2.mtls.run.app; *.me-west1.mtls.run.app; *.northamerica-northeast1.mtls.run.app; *.northamerica-northeast2.mtls.run.app; *.northamerica-south1.mtls.run.app; *.southamerica-east1.mtls.run.app; *.southamerica-west1.mtls.run.app; *.us-central1.mtls.run.app; *.us-central2.mtls.run.app; *.us-east1.mtls.run.app; *.us-east4.mtls.run.app; *.us-east5.mtls.run.app; *.us-east7.mtls.run.app; *.us-south1.mtls.run.app; *.us-west1.mtls.run.app; *.us-west2.mtls.run.app; *.us-west3.mtls.run.app; *.us-west4.mtls.run.app; *.us-west8.mtls.run.app; *.ssh.run.app; seesaw-cloud-agent-531853173205.europe-west1.run.app,
948,https://seesaw-cloud-agent-531853173205.europe-west1.run.app/story/generate,seesaw-cloud-agent-531853173205.europe-west1.run.app,/story/generate,Completed,200,POST,application/json,192.168.1.9,192.168.1.9:62352,seesaw-cloud-agent-531853173205.europe-west1.run.app - 34.143.79.2:443,09:44:32.402,09:44:32.402,0,09:44:35.367,09:44:35.367,0,2965,09:44:35.367,881,432,0,0,,seesaw-cloud-agent-531853173205.europe-west1.run.app - 34.143.79.2:443,*.a.run.app,*.a.run.app; run.app; *.africa-south1.run.app; *.asia-east1.run.app; *.asia-east2.run.app; *.asia-northeast1.run.app; *.asia-northeast2.run.app; *.asia-northeast3.run.app; *.asia-south1.run.app; *.asia-south2.run.app; *.asia-southeast1.run.app; *.asia-southeast2.run.app; *.asia-southeast3.run.app; *.australia-southeast1.run.app; *.australia-southeast2.run.app; *.europe-central2.run.app; *.europe-north1.run.app; *.europe-north2.run.app; *.europe-north3.run.app; *.europe-southwest1.run.app; *.europe-west1.run.app; *.europe-west10.run.app; *.europe-west12.run.app; *.europe-west15.run.app; *.europe-west2.run.app; *.europe-west3.run.app; *.europe-west4.run.app; *.europe-west5.run.app; *.europe-west6.run.app; *.europe-west8.run.app; *.europe-west9.run.app; *.me-central1.run.app; *.me-central2.run.app; *.me-west1.run.app; *.northamerica-northeast1.run.app; *.northamerica-northeast2.run.app; *.northamerica-south1.run.app; *.southamerica-east1.run.app; *.southamerica-west1.run.app; *.us-central1.run.app; *.us-central2.run.app; *.us-east1.run.app; *.us-east4.run.app; *.us-east5.run.app; *.us-east7.run.app; *.us-south1.run.app; *.us-west1.run.app; *.us-west2.run.app; *.us-west3.run.app; *.us-west4.run.app; *.us-west8.run.app; *.africa-south1.mtls.run.app; *.asia-east1.mtls.run.app; *.asia-east2.mtls.run.app; *.asia-northeast1.mtls.run.app; *.asia-northeast2.mtls.run.app; *.asia-northeast3.mtls.run.app; *.asia-south1.mtls.run.app; *.asia-south2.mtls.run.app; *.asia-southeast1.mtls.run.app; *.asia-southeast2.mtls.run.app; *.asia-southeast3.mtls.run.app; *.australia-southeast1.mtls.run.app; *.australia-southeast2.mtls.run.app; *.europe-central2.mtls.run.app; *.europe-north1.mtls.run.app; *.europe-north2.mtls.run.app; *.europe-north3.mtls.run.app; *.europe-southwest1.mtls.run.app; *.europe-west1.mtls.run.app; *.europe-west10.mtls.run.app; *.europe-west12.mtls.run.app; *.europe-west15.mtls.run.app; *.europe-west2.mtls.run.app; *.europe-west3.mtls.run.app; *.europe-west4.mtls.run.app; *.europe-west5.mtls.run.app; *.europe-west6.mtls.run.app; *.europe-west8.mtls.run.app; *.europe-west9.mtls.run.app; *.me-central1.mtls.run.app; *.me-central2.mtls.run.app; *.me-west1.mtls.run.app; *.northamerica-northeast1.mtls.run.app; *.northamerica-northeast2.mtls.run.app; *.northamerica-south1.mtls.run.app; *.southamerica-east1.mtls.run.app; *.southamerica-west1.mtls.run.app; *.us-central1.mtls.run.app; *.us-central2.mtls.run.app; *.us-east1.mtls.run.app; *.us-east4.mtls.run.app; *.us-east5.mtls.run.app; *.us-east7.mtls.run.app; *.us-south1.mtls.run.app; *.us-west1.mtls.run.app; *.us-west2.mtls.run.app; *.us-west3.mtls.run.app; *.us-west4.mtls.run.app; *.us-west8.mtls.run.app; *.ssh.run.app; seesaw-cloud-agent-531853173205.europe-west1.run.app,
951,https://seesaw-cloud-agent-531853173205.europe-west1.run.app/story/enhance,seesaw-cloud-agent-531853173205.europe-west1.run.app,/story/enhance,Error,404,POST,application/json,192.168.1.9,192.168.1.9:62354,seesaw-cloud-agent-531853173205.europe-west1.run.app - 34.143.79.2:443,09:45:31.575,09:45:31.898,323,09:45:32.288,09:45:32.288,0,713,09:45:32.288,818,22,0,0,,seesaw-cloud-agent-531853173205.europe-west1.run.app - 34.143.79.2:443,*.a.run.app,*.a.run.app; run.app; *.africa-south1.run.app; *.asia-east1.run.app; *.asia-east2.run.app; *.asia-northeast1.run.app; *.asia-northeast2.run.app; *.asia-northeast3.run.app; *.asia-south1.run.app; *.asia-south2.run.app; *.asia-southeast1.run.app; *.asia-southeast2.run.app; *.asia-southeast3.run.app; *.australia-southeast1.run.app; *.australia-southeast2.run.app; *.europe-central2.run.app; *.europe-north1.run.app; *.europe-north2.run.app; *.europe-north3.run.app; *.europe-southwest1.run.app; *.europe-west1.run.app; *.europe-west10.run.app; *.europe-west12.run.app; *.europe-west15.run.app; *.europe-west2.run.app; *.europe-west3.run.app; *.europe-west4.run.app; *.europe-west5.run.app; *.europe-west6.run.app; *.europe-west8.run.app; *.europe-west9.run.app; *.me-central1.run.app; *.me-central2.run.app; *.me-west1.run.app; *.northamerica-northeast1.run.app; *.northamerica-northeast2.run.app; *.northamerica-south1.run.app; *.southamerica-east1.run.app; *.southamerica-west1.run.app; *.us-central1.run.app; *.us-central2.run.app; *.us-east1.run.app; *.us-east4.run.app; *.us-east5.run.app; *.us-east7.run.app; *.us-south1.run.app; *.us-west1.run.app; *.us-west2.run.app; *.us-west3.run.app; *.us-west4.run.app; *.us-west8.run.app; *.africa-south1.mtls.run.app; *.asia-east1.mtls.run.app; *.asia-east2.mtls.run.app; *.asia-northeast1.mtls.run.app; *.asia-northeast2.mtls.run.app; *.asia-northeast3.mtls.run.app; *.asia-south1.mtls.run.app; *.asia-south2.mtls.run.app; *.asia-southeast1.mtls.run.app; *.asia-southeast2.mtls.run.app; *.asia-southeast3.mtls.run.app; *.australia-southeast1.mtls.run.app; *.australia-southeast2.mtls.run.app; *.europe-central2.mtls.run.app; *.europe-north1.mtls.run.app; *.europe-north2.mtls.run.app; *.europe-north3.mtls.run.app; *.europe-southwest1.mtls.run.app; *.europe-west1.mtls.run.app; *.europe-west10.mtls.run.app; *.europe-west12.mtls.run.app; *.europe-west15.mtls.run.app; *.europe-west2.mtls.run.app; *.europe-west3.mtls.run.app; *.europe-west4.mtls.run.app; *.europe-west5.mtls.run.app; *.europe-west6.mtls.run.app; *.europe-west8.mtls.run.app; *.europe-west9.mtls.run.app; *.me-central1.mtls.run.app; *.me-central2.mtls.run.app; *.me-west1.mtls.run.app; *.northamerica-northeast1.mtls.run.app; *.northamerica-northeast2.mtls.run.app; *.northamerica-south1.mtls.run.app; *.southamerica-east1.mtls.run.app; *.southamerica-west1.mtls.run.app; *.us-central1.mtls.run.app; *.us-central2.mtls.run.app; *.us-east1.mtls.run.app; *.us-east4.mtls.run.app; *.us-east5.mtls.run.app; *.us-east7.mtls.run.app; *.us-south1.mtls.run.app; *.us-west1.mtls.run.app; *.us-west2.mtls.run.app; *.us-west3.mtls.run.app; *.us-west4.mtls.run.app; *.us-west8.mtls.run.app; *.ssh.run.app; seesaw-cloud-agent-531853173205.europe-west1.run.app,
952,https://seesaw-cloud-agent-531853173205.europe-west1.run.app/story/generate,seesaw-cloud-agent-531853173205.europe-west1.run.app,/story/generate,Completed,200,POST,application/json,192.168.1.9,192.168.1.9:62354,seesaw-cloud-agent-531853173205.europe-west1.run.app - 34.143.79.2:443,09:45:32.384,09:45:32.384,0,09:45:36.759,09:45:36.760,0,4376,09:45:36.760,421,427,0,0,,seesaw-cloud-agent-531853173205.europe-west1.run.app - 34.143.79.2:443,*.a.run.app,*.a.run.app; run.app; *.africa-south1.run.app; *.asia-east1.run.app; *.asia-east2.run.app; *.asia-northeast1.run.app; *.asia-northeast2.run.app; *.asia-northeast3.run.app; *.asia-south1.run.app; *.asia-south2.run.app; *.asia-southeast1.run.app; *.asia-southeast2.run.app; *.asia-southeast3.run.app; *.australia-southeast1.run.app; *.australia-southeast2.run.app; *.europe-central2.run.app; *.europe-north1.run.app; *.europe-north2.run.app; *.europe-north3.run.app; *.europe-southwest1.run.app; *.europe-west1.run.app; *.europe-west10.run.app; *.europe-west12.run.app; *.europe-west15.run.app; *.europe-west2.run.app; *.europe-west3.run.app; *.europe-west4.run.app; *.europe-west5.run.app; *.europe-west6.run.app; *.europe-west8.run.app; *.europe-west9.run.app; *.me-central1.run.app; *.me-central2.run.app; *.me-west1.run.app; *.northamerica-northeast1.run.app; *.northamerica-northeast2.run.app; *.northamerica-south1.run.app; *.southamerica-east1.run.app; *.southamerica-west1.run.app; *.us-central1.run.app; *.us-central2.run.app; *.us-east1.run.app; *.us-east4.run.app; *.us-east5.run.app; *.us-east7.run.app; *.us-south1.run.app; *.us-west1.run.app; *.us-west2.run.app; *.us-west3.run.app; *.us-west4.run.app; *.us-west8.run.app; *.africa-south1.mtls.run.app; *.asia-east1.mtls.run.app; *.asia-east2.mtls.run.app; *.asia-northeast1.mtls.run.app; *.asia-northeast2.mtls.run.app; *.asia-northeast3.mtls.run.app; *.asia-south1.mtls.run.app; *.asia-south2.mtls.run.app; *.asia-southeast1.mtls.run.app; *.asia-southeast2.mtls.run.app; *.asia-southeast3.mtls.run.app; *.australia-southeast1.mtls.run.app; *.australia-southeast2.mtls.run.app; *.europe-central2.mtls.run.app; *.europe-north1.mtls.run.app; *.europe-north2.mtls.run.app; *.europe-north3.mtls.run.app; *.europe-southwest1.mtls.run.app; *.europe-west1.mtls.run.app; *.europe-west10.mtls.run.app; *.europe-west12.mtls.run.app; *.europe-west15.mtls.run.app; *.europe-west2.mtls.run.app; *.europe-west3.mtls.run.app; *.europe-west4.mtls.run.app; *.europe-west5.mtls.run.app; *.europe-west6.mtls.run.app; *.europe-west8.mtls.run.app; *.europe-west9.mtls.run.app; *.me-central1.mtls.run.app; *.me-central2.mtls.run.app; *.me-west1.mtls.run.app; *.northamerica-northeast1.mtls.run.app; *.northamerica-northeast2.mtls.run.app; *.northamerica-south1.mtls.run.app; *.southamerica-east1.mtls.run.app; *.southamerica-west1.mtls.run.app; *.us-central1.mtls.run.app; *.us-central2.mtls.run.app; *.us-east1.mtls.run.app; *.us-east4.mtls.run.app; *.us-east5.mtls.run.app; *.us-east7.mtls.run.app; *.us-south1.mtls.run.app; *.us-west1.mtls.run.app; *.us-west2.mtls.run.app; *.us-west3.mtls.run.app; *.us-west4.mtls.run.app; *.us-west8.mtls.run.app; *.ssh.run.app; seesaw-cloud-agent-531853173205.europe-west1.run.app,
954,https://seesaw-cloud-agent-531853173205.europe-west1.run.app/story/enhance,seesaw-cloud-agent-531853173205.europe-west1.run.app,/story/enhance,Error,404,POST,application/json,192.168.1.9,192.168.1.9:62354,seesaw-cloud-agent-531853173205.europe-west1.run.app - 34.143.79.2:443,09:45:54.233,09:45:54.233,0,09:45:54.626,09:45:54.627,0,394,09:45:54.627,1290,22,0,0,,seesaw-cloud-agent-531853173205.europe-west1.run.app - 34.143.79.2:443,*.a.run.app,*.a.run.app; run.app; *.africa-south1.run.app; *.asia-east1.run.app; *.asia-east2.run.app; *.asia-northeast1.run.app; *.asia-northeast2.run.app; *.asia-northeast3.run.app; *.asia-south1.run.app; *.asia-south2.run.app; *.asia-southeast1.run.app; *.asia-southeast2.run.app; *.asia-southeast3.run.app; *.australia-southeast1.run.app; *.australia-southeast2.run.app; *.europe-central2.run.app; *.europe-north1.run.app; *.europe-north2.run.app; *.europe-north3.run.app; *.europe-southwest1.run.app; *.europe-west1.run.app; *.europe-west10.run.app; *.europe-west12.run.app; *.europe-west15.run.app; *.europe-west2.run.app; *.europe-west3.run.app; *.europe-west4.run.app; *.europe-west5.run.app; *.europe-west6.run.app; *.europe-west8.run.app; *.europe-west9.run.app; *.me-central1.run.app; *.me-central2.run.app; *.me-west1.run.app; *.northamerica-northeast1.run.app; *.northamerica-northeast2.run.app; *.northamerica-south1.run.app; *.southamerica-east1.run.app; *.southamerica-west1.run.app; *.us-central1.run.app; *.us-central2.run.app; *.us-east1.run.app; *.us-east4.run.app; *.us-east5.run.app; *.us-east7.run.app; *.us-south1.run.app; *.us-west1.run.app; *.us-west2.run.app; *.us-west3.run.app; *.us-west4.run.app; *.us-west8.run.app; *.africa-south1.mtls.run.app; *.asia-east1.mtls.run.app; *.asia-east2.mtls.run.app; *.asia-northeast1.mtls.run.app; *.asia-northeast2.mtls.run.app; *.asia-northeast3.mtls.run.app; *.asia-south1.mtls.run.app; *.asia-south2.mtls.run.app; *.asia-southeast1.mtls.run.app; *.asia-southeast2.mtls.run.app; *.asia-southeast3.mtls.run.app; *.australia-southeast1.mtls.run.app; *.australia-southeast2.mtls.run.app; *.europe-central2.mtls.run.app; *.europe-north1.mtls.run.app; *.europe-north2.mtls.run.app; *.europe-north3.mtls.run.app; *.europe-southwest1.mtls.run.app; *.europe-west1.mtls.run.app; *.europe-west10.mtls.run.app; *.europe-west12.mtls.run.app; *.europe-west15.mtls.run.app; *.europe-west2.mtls.run.app; *.europe-west3.mtls.run.app; *.europe-west4.mtls.run.app; *.europe-west5.mtls.run.app; *.europe-west6.mtls.run.app; *.europe-west8.mtls.run.app; *.europe-west9.mtls.run.app; *.me-central1.mtls.run.app; *.me-central2.mtls.run.app; *.me-west1.mtls.run.app; *.northamerica-northeast1.mtls.run.app; *.northamerica-northeast2.mtls.run.app; *.northamerica-south1.mtls.run.app; *.southamerica-east1.mtls.run.app; *.southamerica-west1.mtls.run.app; *.us-central1.mtls.run.app; *.us-central2.mtls.run.app; *.us-east1.mtls.run.app; *.us-east4.mtls.run.app; *.us-east5.mtls.run.app; *.us-east7.mtls.run.app; *.us-south1.mtls.run.app; *.us-west1.mtls.run.app; *.us-west2.mtls.run.app; *.us-west3.mtls.run.app; *.us-west4.mtls.run.app; *.us-west8.mtls.run.app; *.ssh.run.app; seesaw-cloud-agent-531853173205.europe-west1.run.app,
956,https://seesaw-cloud-agent-531853173205.europe-west1.run.app/story/generate,seesaw-cloud-agent-531853173205.europe-west1.run.app,/story/generate,Completed,200,POST,application/json,192.168.1.9,192.168.1.9:62354,seesaw-cloud-agent-531853173205.europe-west1.run.app - 34.143.79.2:443,09:45:54.755,09:45:54.755,0,09:45:59.418,09:45:59.418,0,4663,09:45:59.418,758,487,0,0,,seesaw-cloud-agent-531853173205.europe-west1.run.app - 34.143.79.2:443,*.a.run.app,*.a.run.app; run.app; *.africa-south1.run.app; *.asia-east1.run.app; *.asia-east2.run.app; *.asia-northeast1.run.app; *.asia-northeast2.run.app; *.asia-northeast3.run.app; *.asia-south1.run.app; *.asia-south2.run.app; *.asia-southeast1.run.app; *.asia-southeast2.run.app; *.asia-southeast3.run.app; *.australia-southeast1.run.app; *.australia-southeast2.run.app; *.europe-central2.run.app; *.europe-north1.run.app; *.europe-north2.run.app; *.europe-north3.run.app; *.europe-southwest1.run.app; *.europe-west1.run.app; *.europe-west10.run.app; *.europe-west12.run.app; *.europe-west15.run.app; *.europe-west2.run.app; *.europe-west3.run.app; *.europe-west4.run.app; *.europe-west5.run.app; *.europe-west6.run.app; *.europe-west8.run.app; *.europe-west9.run.app; *.me-central1.run.app; *.me-central2.run.app; *.me-west1.run.app; *.northamerica-northeast1.run.app; *.northamerica-northeast2.run.app; *.northamerica-south1.run.app; *.southamerica-east1.run.app; *.southamerica-west1.run.app; *.us-central1.run.app; *.us-central2.run.app; *.us-east1.run.app; *.us-east4.run.app; *.us-east5.run.app; *.us-east7.run.app; *.us-south1.run.app; *.us-west1.run.app; *.us-west2.run.app; *.us-west3.run.app; *.us-west4.run.app; *.us-west8.run.app; *.africa-south1.mtls.run.app; *.asia-east1.mtls.run.app; *.asia-east2.mtls.run.app; *.asia-northeast1.mtls.run.app; *.asia-northeast2.mtls.run.app; *.asia-northeast3.mtls.run.app; *.asia-south1.mtls.run.app; *.asia-south2.mtls.run.app; *.asia-southeast1.mtls.run.app; *.asia-southeast2.mtls.run.app; *.asia-southeast3.mtls.run.app; *.australia-southeast1.mtls.run.app; *.australia-southeast2.mtls.run.app; *.europe-central2.mtls.run.app; *.europe-north1.mtls.run.app; *.europe-north2.mtls.run.app; *.europe-north3.mtls.run.app; *.europe-southwest1.mtls.run.app; *.europe-west1.mtls.run.app; *.europe-west10.mtls.run.app; *.europe-west12.mtls.run.app; *.europe-west15.mtls.run.app; *.europe-west2.mtls.run.app; *.europe-west3.mtls.run.app; *.europe-west4.mtls.run.app; *.europe-west5.mtls.run.app; *.europe-west6.mtls.run.app; *.europe-west8.mtls.run.app; *.europe-west9.mtls.run.app; *.me-central1.mtls.run.app; *.me-central2.mtls.run.app; *.me-west1.mtls.run.app; *.northamerica-northeast1.mtls.run.app; *.northamerica-northeast2.mtls.run.app; *.northamerica-south1.mtls.run.app; *.southamerica-east1.mtls.run.app; *.southamerica-west1.mtls.run.app; *.us-central1.mtls.run.app; *.us-central2.mtls.run.app; *.us-east1.mtls.run.app; *.us-east4.mtls.run.app; *.us-east5.mtls.run.app; *.us-east7.mtls.run.app; *.us-south1.mtls.run.app; *.us-west1.mtls.run.app; *.us-west2.mtls.run.app; *.us-west3.mtls.run.app; *.us-west4.mtls.run.app; *.us-west8.mtls.run.app; *.ssh.run.app; seesaw-cloud-agent-531853173205.europe-west1.run.app,
961,https://seesaw-cloud-agent-531853173205.europe-west1.run.app/story/enhance,seesaw-cloud-agent-531853173205.europe-west1.run.app,/story/enhance,Error,404,POST,application/json,192.168.1.9,192.168.1.9:62354,seesaw-cloud-agent-531853173205.europe-west1.run.app - 34.143.79.2:443,09:46:19.588,09:46:19.588,0,09:46:19.981,09:46:19.981,0,394,09:46:19.981,1721,22,0,0,,seesaw-cloud-agent-531853173205.europe-west1.run.app - 34.143.79.2:443,*.a.run.app,*.a.run.app; run.app; *.africa-south1.run.app; *.asia-east1.run.app; *.asia-east2.run.app; *.asia-northeast1.run.app; *.asia-northeast2.run.app; *.asia-northeast3.run.app; *.asia-south1.run.app; *.asia-south2.run.app; *.asia-southeast1.run.app; *.asia-southeast2.run.app; *.asia-southeast3.run.app; *.australia-southeast1.run.app; *.australia-southeast2.run.app; *.europe-central2.run.app; *.europe-north1.run.app; *.europe-north2.run.app; *.europe-north3.run.app; *.europe-southwest1.run.app; *.europe-west1.run.app; *.europe-west10.run.app; *.europe-west12.run.app; *.europe-west15.run.app; *.europe-west2.run.app; *.europe-west3.run.app; *.europe-west4.run.app; *.europe-west5.run.app; *.europe-west6.run.app; *.europe-west8.run.app; *.europe-west9.run.app; *.me-central1.run.app; *.me-central2.run.app; *.me-west1.run.app; *.northamerica-northeast1.run.app; *.northamerica-northeast2.run.app; *.northamerica-south1.run.app; *.southamerica-east1.run.app; *.southamerica-west1.run.app; *.us-central1.run.app; *.us-central2.run.app; *.us-east1.run.app; *.us-east4.run.app; *.us-east5.run.app; *.us-east7.run.app; *.us-south1.run.app; *.us-west1.run.app; *.us-west2.run.app; *.us-west3.run.app; *.us-west4.run.app; *.us-west8.run.app; *.africa-south1.mtls.run.app; *.asia-east1.mtls.run.app; *.asia-east2.mtls.run.app; *.asia-northeast1.mtls.run.app; *.asia-northeast2.mtls.run.app; *.asia-northeast3.mtls.run.app; *.asia-south1.mtls.run.app; *.asia-south2.mtls.run.app; *.asia-southeast1.mtls.run.app; *.asia-southeast2.mtls.run.app; *.asia-southeast3.mtls.run.app; *.australia-southeast1.mtls.run.app; *.australia-southeast2.mtls.run.app; *.europe-central2.mtls.run.app; *.europe-north1.mtls.run.app; *.europe-north2.mtls.run.app; *.europe-north3.mtls.run.app; *.europe-southwest1.mtls.run.app; *.europe-west1.mtls.run.app; *.europe-west10.mtls.run.app; *.europe-west12.mtls.run.app; *.europe-west15.mtls.run.app; *.europe-west2.mtls.run.app; *.europe-west3.mtls.run.app; *.europe-west4.mtls.run.app; *.europe-west5.mtls.run.app; *.europe-west6.mtls.run.app; *.europe-west8.mtls.run.app; *.europe-west9.mtls.run.app; *.me-central1.mtls.run.app; *.me-central2.mtls.run.app; *.me-west1.mtls.run.app; *.northamerica-northeast1.mtls.run.app; *.northamerica-northeast2.mtls.run.app; *.northamerica-south1.mtls.run.app; *.southamerica-east1.mtls.run.app; *.southamerica-west1.mtls.run.app; *.us-central1.mtls.run.app; *.us-central2.mtls.run.app; *.us-east1.mtls.run.app; *.us-east4.mtls.run.app; *.us-east5.mtls.run.app; *.us-east7.mtls.run.app; *.us-south1.mtls.run.app; *.us-west1.mtls.run.app; *.us-west2.mtls.run.app; *.us-west3.mtls.run.app; *.us-west4.mtls.run.app; *.us-west8.mtls.run.app; *.ssh.run.app; seesaw-cloud-agent-531853173205.europe-west1.run.app,
962,https://seesaw-cloud-agent-531853173205.europe-west1.run.app/story/generate,seesaw-cloud-agent-531853173205.europe-west1.run.app,/story/generate,Completed,200,POST,application/json,192.168.1.9,192.168.1.9:62354,seesaw-cloud-agent-531853173205.europe-west1.run.app - 34.143.79.2:443,09:46:20.430,09:46:20.430,0,09:46:23.791,09:46:23.791,0,3361,09:46:23.791,1141,417,0,0,,seesaw-cloud-agent-531853173205.europe-west1.run.app - 34.143.79.2:443,*.a.run.app,*.a.run.app; run.app; *.africa-south1.run.app; *.asia-east1.run.app; *.asia-east2.run.app; *.asia-northeast1.run.app; *.asia-northeast2.run.app; *.asia-northeast3.run.app; *.asia-south1.run.app; *.asia-south2.run.app; *.asia-southeast1.run.app; *.asia-southeast2.run.app; *.asia-southeast3.run.app; *.australia-southeast1.run.app; *.australia-southeast2.run.app; *.europe-central2.run.app; *.europe-north1.run.app; *.europe-north2.run.app; *.europe-north3.run.app; *.europe-southwest1.run.app; *.europe-west1.run.app; *.europe-west10.run.app; *.europe-west12.run.app; *.europe-west15.run.app; *.europe-west2.run.app; *.europe-west3.run.app; *.europe-west4.run.app; *.europe-west5.run.app; *.europe-west6.run.app; *.europe-west8.run.app; *.europe-west9.run.app; *.me-central1.run.app; *.me-central2.run.app; *.me-west1.run.app; *.northamerica-northeast1.run.app; *.northamerica-northeast2.run.app; *.northamerica-south1.run.app; *.southamerica-east1.run.app; *.southamerica-west1.run.app; *.us-central1.run.app; *.us-central2.run.app; *.us-east1.run.app; *.us-east4.run.app; *.us-east5.run.app; *.us-east7.run.app; *.us-south1.run.app; *.us-west1.run.app; *.us-west2.run.app; *.us-west3.run.app; *.us-west4.run.app; *.us-west8.run.app; *.africa-south1.mtls.run.app; *.asia-east1.mtls.run.app; *.asia-east2.mtls.run.app; *.asia-northeast1.mtls.run.app; *.asia-northeast2.mtls.run.app; *.asia-northeast3.mtls.run.app; *.asia-south1.mtls.run.app; *.asia-south2.mtls.run.app; *.asia-southeast1.mtls.run.app; *.asia-southeast2.mtls.run.app; *.asia-southeast3.mtls.run.app; *.australia-southeast1.mtls.run.app; *.australia-southeast2.mtls.run.app; *.europe-central2.mtls.run.app; *.europe-north1.mtls.run.app; *.europe-north2.mtls.run.app; *.europe-north3.mtls.run.app; *.europe-southwest1.mtls.run.app; *.europe-west1.mtls.run.app; *.europe-west10.mtls.run.app; *.europe-west12.mtls.run.app; *.europe-west15.mtls.run.app; *.europe-west2.mtls.run.app; *.europe-west3.mtls.run.app; *.europe-west4.mtls.run.app; *.europe-west5.mtls.run.app; *.europe-west6.mtls.run.app; *.europe-west8.mtls.run.app; *.europe-west9.mtls.run.app; *.me-central1.mtls.run.app; *.me-central2.mtls.run.app; *.me-west1.mtls.run.app; *.northamerica-northeast1.mtls.run.app; *.northamerica-northeast2.mtls.run.app; *.northamerica-south1.mtls.run.app; *.southamerica-east1.mtls.run.app; *.southamerica-west1.mtls.run.app; *.us-central1.mtls.run.app; *.us-central2.mtls.run.app; *.us-east1.mtls.run.app; *.us-east4.mtls.run.app; *.us-east5.mtls.run.app; *.us-east7.mtls.run.app; *.us-south1.mtls.run.app; *.us-west1.mtls.run.app; *.us-west2.mtls.run.app; *.us-west3.mtls.run.app; *.us-west4.mtls.run.app; *.us-west8.mtls.run.app; *.ssh.run.app; seesaw-cloud-agent-531853173205.europe-west1.run.app,
965,https://seesaw-cloud-agent-531853173205.europe-west1.run.app/story/enhance,seesaw-cloud-agent-531853173205.europe-west1.run.app,/story/enhance,Error,404,POST,application/json,192.168.1.9,192.168.1.9:62355,seesaw-cloud-agent-531853173205.europe-west1.run.app - 34.143.79.2:443,09:47:17.010,09:47:17.254,244,09:47:17.685,09:47:17.685,0,675,09:47:17.685,735,22,0,0,,seesaw-cloud-agent-531853173205.europe-west1.run.app - 34.143.79.2:443,*.a.run.app,*.a.run.app; run.app; *.africa-south1.run.app; *.asia-east1.run.app; *.asia-east2.run.app; *.asia-northeast1.run.app; *.asia-northeast2.run.app; *.asia-northeast3.run.app; *.asia-south1.run.app; *.asia-south2.run.app; *.asia-southeast1.run.app; *.asia-southeast2.run.app; *.asia-southeast3.run.app; *.australia-southeast1.run.app; *.australia-southeast2.run.app; *.europe-central2.run.app; *.europe-north1.run.app; *.europe-north2.run.app; *.europe-north3.run.app; *.europe-southwest1.run.app; *.europe-west1.run.app; *.europe-west10.run.app; *.europe-west12.run.app; *.europe-west15.run.app; *.europe-west2.run.app; *.europe-west3.run.app; *.europe-west4.run.app; *.europe-west5.run.app; *.europe-west6.run.app; *.europe-west8.run.app; *.europe-west9.run.app; *.me-central1.run.app; *.me-central2.run.app; *.me-west1.run.app; *.northamerica-northeast1.run.app; *.northamerica-northeast2.run.app; *.northamerica-south1.run.app; *.southamerica-east1.run.app; *.southamerica-west1.run.app; *.us-central1.run.app; *.us-central2.run.app; *.us-east1.run.app; *.us-east4.run.app; *.us-east5.run.app; *.us-east7.run.app; *.us-south1.run.app; *.us-west1.run.app; *.us-west2.run.app; *.us-west3.run.app; *.us-west4.run.app; *.us-west8.run.app; *.africa-south1.mtls.run.app; *.asia-east1.mtls.run.app; *.asia-east2.mtls.run.app; *.asia-northeast1.mtls.run.app; *.asia-northeast2.mtls.run.app; *.asia-northeast3.mtls.run.app; *.asia-south1.mtls.run.app; *.asia-south2.mtls.run.app; *.asia-southeast1.mtls.run.app; *.asia-southeast2.mtls.run.app; *.asia-southeast3.mtls.run.app; *.australia-southeast1.mtls.run.app; *.australia-southeast2.mtls.run.app; *.europe-central2.mtls.run.app; *.europe-north1.mtls.run.app; *.europe-north2.mtls.run.app; *.europe-north3.mtls.run.app; *.europe-southwest1.mtls.run.app; *.europe-west1.mtls.run.app; *.europe-west10.mtls.run.app; *.europe-west12.mtls.run.app; *.europe-west15.mtls.run.app; *.europe-west2.mtls.run.app; *.europe-west3.mtls.run.app; *.europe-west4.mtls.run.app; *.europe-west5.mtls.run.app; *.europe-west6.mtls.run.app; *.europe-west8.mtls.run.app; *.europe-west9.mtls.run.app; *.me-central1.mtls.run.app; *.me-central2.mtls.run.app; *.me-west1.mtls.run.app; *.northamerica-northeast1.mtls.run.app; *.northamerica-northeast2.mtls.run.app; *.northamerica-south1.mtls.run.app; *.southamerica-east1.mtls.run.app; *.southamerica-west1.mtls.run.app; *.us-central1.mtls.run.app; *.us-central2.mtls.run.app; *.us-east1.mtls.run.app; *.us-east4.mtls.run.app; *.us-east5.mtls.run.app; *.us-east7.mtls.run.app; *.us-south1.mtls.run.app; *.us-west1.mtls.run.app; *.us-west2.mtls.run.app; *.us-west3.mtls.run.app; *.us-west4.mtls.run.app; *.us-west8.mtls.run.app; *.ssh.run.app; seesaw-cloud-agent-531853173205.europe-west1.run.app,
966,https://seesaw-cloud-agent-531853173205.europe-west1.run.app/story/generate,seesaw-cloud-agent-531853173205.europe-west1.run.app,/story/generate,Completed,200,POST,application/json,192.168.1.9,192.168.1.9:62355,seesaw-cloud-agent-531853173205.europe-west1.run.app - 34.143.79.2:443,09:47:17.813,09:47:17.813,0,09:47:21.495,09:47:21.495,0,3682,09:47:21.495,370,383,0,0,,seesaw-cloud-agent-531853173205.europe-west1.run.app - 34.143.79.2:443,*.a.run.app,*.a.run.app; run.app; *.africa-south1.run.app; *.asia-east1.run.app; *.asia-east2.run.app; *.asia-northeast1.run.app; *.asia-northeast2.run.app; *.asia-northeast3.run.app; *.asia-south1.run.app; *.asia-south2.run.app; *.asia-southeast1.run.app; *.asia-southeast2.run.app; *.asia-southeast3.run.app; *.australia-southeast1.run.app; *.australia-southeast2.run.app; *.europe-central2.run.app; *.europe-north1.run.app; *.europe-north2.run.app; *.europe-north3.run.app; *.europe-southwest1.run.app; *.europe-west1.run.app; *.europe-west10.run.app; *.europe-west12.run.app; *.europe-west15.run.app; *.europe-west2.run.app; *.europe-west3.run.app; *.europe-west4.run.app; *.europe-west5.run.app; *.europe-west6.run.app; *.europe-west8.run.app; *.europe-west9.run.app; *.me-central1.run.app; *.me-central2.run.app; *.me-west1.run.app; *.northamerica-northeast1.run.app; *.northamerica-northeast2.run.app; *.northamerica-south1.run.app; *.southamerica-east1.run.app; *.southamerica-west1.run.app; *.us-central1.run.app; *.us-central2.run.app; *.us-east1.run.app; *.us-east4.run.app; *.us-east5.run.app; *.us-east7.run.app; *.us-south1.run.app; *.us-west1.run.app; *.us-west2.run.app; *.us-west3.run.app; *.us-west4.run.app; *.us-west8.run.app; *.africa-south1.mtls.run.app; *.asia-east1.mtls.run.app; *.asia-east2.mtls.run.app; *.asia-northeast1.mtls.run.app; *.asia-northeast2.mtls.run.app; *.asia-northeast3.mtls.run.app; *.asia-south1.mtls.run.app; *.asia-south2.mtls.run.app; *.asia-southeast1.mtls.run.app; *.asia-southeast2.mtls.run.app; *.asia-southeast3.mtls.run.app; *.australia-southeast1.mtls.run.app; *.australia-southeast2.mtls.run.app; *.europe-central2.mtls.run.app; *.europe-north1.mtls.run.app; *.europe-north2.mtls.run.app; *.europe-north3.mtls.run.app; *.europe-southwest1.mtls.run.app; *.europe-west1.mtls.run.app; *.europe-west10.mtls.run.app; *.europe-west12.mtls.run.app; *.europe-west15.mtls.run.app; *.europe-west2.mtls.run.app; *.europe-west3.mtls.run.app; *.europe-west4.mtls.run.app; *.europe-west5.mtls.run.app; *.europe-west6.mtls.run.app; *.europe-west8.mtls.run.app; *.europe-west9.mtls.run.app; *.me-central1.mtls.run.app; *.me-central2.mtls.run.app; *.me-west1.mtls.run.app; *.northamerica-northeast1.mtls.run.app; *.northamerica-northeast2.mtls.run.app; *.northamerica-south1.mtls.run.app; *.southamerica-east1.mtls.run.app; *.southamerica-west1.mtls.run.app; *.us-central1.mtls.run.app; *.us-central2.mtls.run.app; *.us-east1.mtls.run.app; *.us-east4.mtls.run.app; *.us-east5.mtls.run.app; *.us-east7.mtls.run.app; *.us-south1.mtls.run.app; *.us-west1.mtls.run.app; *.us-west2.mtls.run.app; *.us-west3.mtls.run.app; *.us-west4.mtls.run.app; *.us-west8.mtls.run.app; *.ssh.run.app; seesaw-cloud-agent-531853173205.europe-west1.run.app,
967,https://seesaw-cloud-agent-531853173205.europe-west1.run.app/story/enhance,seesaw-cloud-agent-531853173205.europe-west1.run.app,/story/enhance,Error,404,POST,application/json,192.168.1.9,192.168.1.9:62355,seesaw-cloud-agent-531853173205.europe-west1.run.app - 34.143.79.2:443,09:47:35.700,09:47:35.701,0,09:47:36.054,09:47:36.054,0,354,09:47:36.054,1131,22,0,0,,seesaw-cloud-agent-531853173205.europe-west1.run.app - 34.143.79.2:443,*.a.run.app,*.a.run.app; run.app; *.africa-south1.run.app; *.asia-east1.run.app; *.asia-east2.run.app; *.asia-northeast1.run.app; *.asia-northeast2.run.app; *.asia-northeast3.run.app; *.asia-south1.run.app; *.asia-south2.run.app; *.asia-southeast1.run.app; *.asia-southeast2.run.app; *.asia-southeast3.run.app; *.australia-southeast1.run.app; *.australia-southeast2.run.app; *.europe-central2.run.app; *.europe-north1.run.app; *.europe-north2.run.app; *.europe-north3.run.app; *.europe-southwest1.run.app; *.europe-west1.run.app; *.europe-west10.run.app; *.europe-west12.run.app; *.europe-west15.run.app; *.europe-west2.run.app; *.europe-west3.run.app; *.europe-west4.run.app; *.europe-west5.run.app; *.europe-west6.run.app; *.europe-west8.run.app; *.europe-west9.run.app; *.me-central1.run.app; *.me-central2.run.app; *.me-west1.run.app; *.northamerica-northeast1.run.app; *.northamerica-northeast2.run.app; *.northamerica-south1.run.app; *.southamerica-east1.run.app; *.southamerica-west1.run.app; *.us-central1.run.app; *.us-central2.run.app; *.us-east1.run.app; *.us-east4.run.app; *.us-east5.run.app; *.us-east7.run.app; *.us-south1.run.app; *.us-west1.run.app; *.us-west2.run.app; *.us-west3.run.app; *.us-west4.run.app; *.us-west8.run.app; *.africa-south1.mtls.run.app; *.asia-east1.mtls.run.app; *.asia-east2.mtls.run.app; *.asia-northeast1.mtls.run.app; *.asia-northeast2.mtls.run.app; *.asia-northeast3.mtls.run.app; *.asia-south1.mtls.run.app; *.asia-south2.mtls.run.app; *.asia-southeast1.mtls.run.app; *.asia-southeast2.mtls.run.app; *.asia-southeast3.mtls.run.app; *.australia-southeast1.mtls.run.app; *.australia-southeast2.mtls.run.app; *.europe-central2.mtls.run.app; *.europe-north1.mtls.run.app; *.europe-north2.mtls.run.app; *.europe-north3.mtls.run.app; *.europe-southwest1.mtls.run.app; *.europe-west1.mtls.run.app; *.europe-west10.mtls.run.app; *.europe-west12.mtls.run.app; *.europe-west15.mtls.run.app; *.europe-west2.mtls.run.app; *.europe-west3.mtls.run.app; *.europe-west4.mtls.run.app; *.europe-west5.mtls.run.app; *.europe-west6.mtls.run.app; *.europe-west8.mtls.run.app; *.europe-west9.mtls.run.app; *.me-central1.mtls.run.app; *.me-central2.mtls.run.app; *.me-west1.mtls.run.app; *.northamerica-northeast1.mtls.run.app; *.northamerica-northeast2.mtls.run.app; *.northamerica-south1.mtls.run.app; *.southamerica-east1.mtls.run.app; *.southamerica-west1.mtls.run.app; *.us-central1.mtls.run.app; *.us-central2.mtls.run.app; *.us-east1.mtls.run.app; *.us-east4.mtls.run.app; *.us-east5.mtls.run.app; *.us-east7.mtls.run.app; *.us-south1.mtls.run.app; *.us-west1.mtls.run.app; *.us-west2.mtls.run.app; *.us-west3.mtls.run.app; *.us-west4.mtls.run.app; *.us-west8.mtls.run.app; *.ssh.run.app; seesaw-cloud-agent-531853173205.europe-west1.run.app,
968,https://seesaw-cloud-agent-531853173205.europe-west1.run.app/story/generate,seesaw-cloud-agent-531853173205.europe-west1.run.app,/story/generate,Completed,200,POST,application/json,192.168.1.9,192.168.1.9:62355,seesaw-cloud-agent-531853173205.europe-west1.run.app - 34.143.79.2:443,09:47:36.301,09:47:36.301,0,09:47:38.673,09:47:38.673,0,2372,09:47:38.673,664,414,0,0,,seesaw-cloud-agent-531853173205.europe-west1.run.app - 34.143.79.2:443,*.a.run.app,*.a.run.app; run.app; *.africa-south1.run.app; *.asia-east1.run.app; *.asia-east2.run.app; *.asia-northeast1.run.app; *.asia-northeast2.run.app; *.asia-northeast3.run.app; *.asia-south1.run.app; *.asia-south2.run.app; *.asia-southeast1.run.app; *.asia-southeast2.run.app; *.asia-southeast3.run.app; *.australia-southeast1.run.app; *.australia-southeast2.run.app; *.europe-central2.run.app; *.europe-north1.run.app; *.europe-north2.run.app; *.europe-north3.run.app; *.europe-southwest1.run.app; *.europe-west1.run.app; *.europe-west10.run.app; *.europe-west12.run.app; *.europe-west15.run.app; *.europe-west2.run.app; *.europe-west3.run.app; *.europe-west4.run.app; *.europe-west5.run.app; *.europe-west6.run.app; *.europe-west8.run.app; *.europe-west9.run.app; *.me-central1.run.app; *.me-central2.run.app; *.me-west1.run.app; *.northamerica-northeast1.run.app; *.northamerica-northeast2.run.app; *.northamerica-south1.run.app; *.southamerica-east1.run.app; *.southamerica-west1.run.app; *.us-central1.run.app; *.us-central2.run.app; *.us-east1.run.app; *.us-east4.run.app; *.us-east5.run.app; *.us-east7.run.app; *.us-south1.run.app; *.us-west1.run.app; *.us-west2.run.app; *.us-west3.run.app; *.us-west4.run.app; *.us-west8.run.app; *.africa-south1.mtls.run.app; *.asia-east1.mtls.run.app; *.asia-east2.mtls.run.app; *.asia-northeast1.mtls.run.app; *.asia-northeast2.mtls.run.app; *.asia-northeast3.mtls.run.app; *.asia-south1.mtls.run.app; *.asia-south2.mtls.run.app; *.asia-southeast1.mtls.run.app; *.asia-southeast2.mtls.run.app; *.asia-southeast3.mtls.run.app; *.australia-southeast1.mtls.run.app; *.australia-southeast2.mtls.run.app; *.europe-central2.mtls.run.app; *.europe-north1.mtls.run.app; *.europe-north2.mtls.run.app; *.europe-north3.mtls.run.app; *.europe-southwest1.mtls.run.app; *.europe-west1.mtls.run.app; *.europe-west10.mtls.run.app; *.europe-west12.mtls.run.app; *.europe-west15.mtls.run.app; *.europe-west2.mtls.run.app; *.europe-west3.mtls.run.app; *.europe-west4.mtls.run.app; *.europe-west5.mtls.run.app; *.europe-west6.mtls.run.app; *.europe-west8.mtls.run.app; *.europe-west9.mtls.run.app; *.me-central1.mtls.run.app; *.me-central2.mtls.run.app; *.me-west1.mtls.run.app; *.northamerica-northeast1.mtls.run.app; *.northamerica-northeast2.mtls.run.app; *.northamerica-south1.mtls.run.app; *.southamerica-east1.mtls.run.app; *.southamerica-west1.mtls.run.app; *.us-central1.mtls.run.app; *.us-central2.mtls.run.app; *.us-east1.mtls.run.app; *.us-east4.mtls.run.app; *.us-east5.mtls.run.app; *.us-east7.mtls.run.app; *.us-south1.mtls.run.app; *.us-west1.mtls.run.app; *.us-west2.mtls.run.app; *.us-west3.mtls.run.app; *.us-west4.mtls.run.app; *.us-west8.mtls.run.app; *.ssh.run.app; seesaw-cloud-agent-531853173205.europe-west1.run.app,
969,https://seesaw-cloud-agent-531853173205.europe-west1.run.app/story/enhance,seesaw-cloud-agent-531853173205.europe-west1.run.app,/story/enhance,Error,404,POST,application/json,192.168.1.9,192.168.1.9:62355,seesaw-cloud-agent-531853173205.europe-west1.run.app - 34.143.79.2:443,09:47:59.870,09:47:59.870,0,09:48:00.262,09:48:00.263,0,393,09:48:00.263,1470,22,0,0,,seesaw-cloud-agent-531853173205.europe-west1.run.app - 34.143.79.2:443,*.a.run.app,*.a.run.app; run.app; *.africa-south1.run.app; *.asia-east1.run.app; *.asia-east2.run.app; *.asia-northeast1.run.app; *.asia-northeast2.run.app; *.asia-northeast3.run.app; *.asia-south1.run.app; *.asia-south2.run.app; *.asia-southeast1.run.app; *.asia-southeast2.run.app; *.asia-southeast3.run.app; *.australia-southeast1.run.app; *.australia-southeast2.run.app; *.europe-central2.run.app; *.europe-north1.run.app; *.europe-north2.run.app; *.europe-north3.run.app; *.europe-southwest1.run.app; *.europe-west1.run.app; *.europe-west10.run.app; *.europe-west12.run.app; *.europe-west15.run.app; *.europe-west2.run.app; *.europe-west3.run.app; *.europe-west4.run.app; *.europe-west5.run.app; *.europe-west6.run.app; *.europe-west8.run.app; *.europe-west9.run.app; *.me-central1.run.app; *.me-central2.run.app; *.me-west1.run.app; *.northamerica-northeast1.run.app; *.northamerica-northeast2.run.app; *.northamerica-south1.run.app; *.southamerica-east1.run.app; *.southamerica-west1.run.app; *.us-central1.run.app; *.us-central2.run.app; *.us-east1.run.app; *.us-east4.run.app; *.us-east5.run.app; *.us-east7.run.app; *.us-south1.run.app; *.us-west1.run.app; *.us-west2.run.app; *.us-west3.run.app; *.us-west4.run.app; *.us-west8.run.app; *.africa-south1.mtls.run.app; *.asia-east1.mtls.run.app; *.asia-east2.mtls.run.app; *.asia-northeast1.mtls.run.app; *.asia-northeast2.mtls.run.app; *.asia-northeast3.mtls.run.app; *.asia-south1.mtls.run.app; *.asia-south2.mtls.run.app; *.asia-southeast1.mtls.run.app; *.asia-southeast2.mtls.run.app; *.asia-southeast3.mtls.run.app; *.australia-southeast1.mtls.run.app; *.australia-southeast2.mtls.run.app; *.europe-central2.mtls.run.app; *.europe-north1.mtls.run.app; *.europe-north2.mtls.run.app; *.europe-north3.mtls.run.app; *.europe-southwest1.mtls.run.app; *.europe-west1.mtls.run.app; *.europe-west10.mtls.run.app; *.europe-west12.mtls.run.app; *.europe-west15.mtls.run.app; *.europe-west2.mtls.run.app; *.europe-west3.mtls.run.app; *.europe-west4.mtls.run.app; *.europe-west5.mtls.run.app; *.europe-west6.mtls.run.app; *.europe-west8.mtls.run.app; *.europe-west9.mtls.run.app; *.me-central1.mtls.run.app; *.me-central2.mtls.run.app; *.me-west1.mtls.run.app; *.northamerica-northeast1.mtls.run.app; *.northamerica-northeast2.mtls.run.app; *.northamerica-south1.mtls.run.app; *.southamerica-east1.mtls.run.app; *.southamerica-west1.mtls.run.app; *.us-central1.mtls.run.app; *.us-central2.mtls.run.app; *.us-east1.mtls.run.app; *.us-east4.mtls.run.app; *.us-east5.mtls.run.app; *.us-east7.mtls.run.app; *.us-south1.mtls.run.app; *.us-west1.mtls.run.app; *.us-west2.mtls.run.app; *.us-west3.mtls.run.app; *.us-west4.mtls.run.app; *.us-west8.mtls.run.app; *.ssh.run.app; seesaw-cloud-agent-531853173205.europe-west1.run.app,
970,https://seesaw-cloud-agent-531853173205.europe-west1.run.app/story/generate,seesaw-cloud-agent-531853173205.europe-west1.run.app,/story/generate,Completed,200,POST,application/json,192.168.1.9,192.168.1.9:62355,seesaw-cloud-agent-531853173205.europe-west1.run.app - 34.143.79.2:443,09:48:00.335,09:48:00.336,0,09:48:03.381,09:48:03.381,0,3045,09:48:03.381,970,438,0,0,,seesaw-cloud-agent-531853173205.europe-west1.run.app - 34.143.79.2:443,*.a.run.app,*.a.run.app; run.app; *.africa-south1.run.app; *.asia-east1.run.app; *.asia-east2.run.app; *.asia-northeast1.run.app; *.asia-northeast2.run.app; *.asia-northeast3.run.app; *.asia-south1.run.app; *.asia-south2.run.app; *.asia-southeast1.run.app; *.asia-southeast2.run.app; *.asia-southeast3.run.app; *.australia-southeast1.run.app; *.australia-southeast2.run.app; *.europe-central2.run.app; *.europe-north1.run.app; *.europe-north2.run.app; *.europe-north3.run.app; *.europe-southwest1.run.app; *.europe-west1.run.app; *.europe-west10.run.app; *.europe-west12.run.app; *.europe-west15.run.app; *.europe-west2.run.app; *.europe-west3.run.app; *.europe-west4.run.app; *.europe-west5.run.app; *.europe-west6.run.app; *.europe-west8.run.app; *.europe-west9.run.app; *.me-central1.run.app; *.me-central2.run.app; *.me-west1.run.app; *.northamerica-northeast1.run.app; *.northamerica-northeast2.run.app; *.northamerica-south1.run.app; *.southamerica-east1.run.app; *.southamerica-west1.run.app; *.us-central1.run.app; *.us-central2.run.app; *.us-east1.run.app; *.us-east4.run.app; *.us-east5.run.app; *.us-east7.run.app; *.us-south1.run.app; *.us-west1.run.app; *.us-west2.run.app; *.us-west3.run.app; *.us-west4.run.app; *.us-west8.run.app; *.africa-south1.mtls.run.app; *.asia-east1.mtls.run.app; *.asia-east2.mtls.run.app; *.asia-northeast1.mtls.run.app; *.asia-northeast2.mtls.run.app; *.asia-northeast3.mtls.run.app; *.asia-south1.mtls.run.app; *.asia-south2.mtls.run.app; *.asia-southeast1.mtls.run.app; *.asia-southeast2.mtls.run.app; *.asia-southeast3.mtls.run.app; *.australia-southeast1.mtls.run.app; *.australia-southeast2.mtls.run.app; *.europe-central2.mtls.run.app; *.europe-north1.mtls.run.app; *.europe-north2.mtls.run.app; *.europe-north3.mtls.run.app; *.europe-southwest1.mtls.run.app; *.europe-west1.mtls.run.app; *.europe-west10.mtls.run.app; *.europe-west12.mtls.run.app; *.europe-west15.mtls.run.app; *.europe-west2.mtls.run.app; *.europe-west3.mtls.run.app; *.europe-west4.mtls.run.app; *.europe-west5.mtls.run.app; *.europe-west6.mtls.run.app; *.europe-west8.mtls.run.app; *.europe-west9.mtls.run.app; *.me-central1.mtls.run.app; *.me-central2.mtls.run.app; *.me-west1.mtls.run.app; *.northamerica-northeast1.mtls.run.app; *.northamerica-northeast2.mtls.run.app; *.northamerica-south1.mtls.run.app; *.southamerica-east1.mtls.run.app; *.southamerica-west1.mtls.run.app; *.us-central1.mtls.run.app; *.us-central2.mtls.run.app; *.us-east1.mtls.run.app; *.us-east4.mtls.run.app; *.us-east5.mtls.run.app; *.us-east7.mtls.run.app; *.us-south1.mtls.run.app; *.us-west1.mtls.run.app; *.us-west2.mtls.run.app; *.us-west3.mtls.run.app; *.us-west4.mtls.run.app; *.us-west8.mtls.run.app; *.ssh.run.app; seesaw-cloud-agent-531853173205.europe-west1.run.app,
976,https://seesaw-cloud-agent-531853173205.europe-west1.run.app/story/enhance,seesaw-cloud-agent-531853173205.europe-west1.run.app,/story/enhance,Error,404,POST,application/json,192.168.1.9,192.168.1.9:62356,seesaw-cloud-agent-531853173205.europe-west1.run.app - 34.143.79.2:443,09:48:54.294,09:48:54.635,341,09:48:55.121,09:48:55.121,0,827,09:48:55.121,711,22,0,0,,seesaw-cloud-agent-531853173205.europe-west1.run.app - 34.143.79.2:443,*.a.run.app,*.a.run.app; run.app; *.africa-south1.run.app; *.asia-east1.run.app; *.asia-east2.run.app; *.asia-northeast1.run.app; *.asia-northeast2.run.app; *.asia-northeast3.run.app; *.asia-south1.run.app; *.asia-south2.run.app; *.asia-southeast1.run.app; *.asia-southeast2.run.app; *.asia-southeast3.run.app; *.australia-southeast1.run.app; *.australia-southeast2.run.app; *.europe-central2.run.app; *.europe-north1.run.app; *.europe-north2.run.app; *.europe-north3.run.app; *.europe-southwest1.run.app; *.europe-west1.run.app; *.europe-west10.run.app; *.europe-west12.run.app; *.europe-west15.run.app; *.europe-west2.run.app; *.europe-west3.run.app; *.europe-west4.run.app; *.europe-west5.run.app; *.europe-west6.run.app; *.europe-west8.run.app; *.europe-west9.run.app; *.me-central1.run.app; *.me-central2.run.app; *.me-west1.run.app; *.northamerica-northeast1.run.app; *.northamerica-northeast2.run.app; *.northamerica-south1.run.app; *.southamerica-east1.run.app; *.southamerica-west1.run.app; *.us-central1.run.app; *.us-central2.run.app; *.us-east1.run.app; *.us-east4.run.app; *.us-east5.run.app; *.us-east7.run.app; *.us-south1.run.app; *.us-west1.run.app; *.us-west2.run.app; *.us-west3.run.app; *.us-west4.run.app; *.us-west8.run.app; *.africa-south1.mtls.run.app; *.asia-east1.mtls.run.app; *.asia-east2.mtls.run.app; *.asia-northeast1.mtls.run.app; *.asia-northeast2.mtls.run.app; *.asia-northeast3.mtls.run.app; *.asia-south1.mtls.run.app; *.asia-south2.mtls.run.app; *.asia-southeast1.mtls.run.app; *.asia-southeast2.mtls.run.app; *.asia-southeast3.mtls.run.app; *.australia-southeast1.mtls.run.app; *.australia-southeast2.mtls.run.app; *.europe-central2.mtls.run.app; *.europe-north1.mtls.run.app; *.europe-north2.mtls.run.app; *.europe-north3.mtls.run.app; *.europe-southwest1.mtls.run.app; *.europe-west1.mtls.run.app; *.europe-west10.mtls.run.app; *.europe-west12.mtls.run.app; *.europe-west15.mtls.run.app; *.europe-west2.mtls.run.app; *.europe-west3.mtls.run.app; *.europe-west4.mtls.run.app; *.europe-west5.mtls.run.app; *.europe-west6.mtls.run.app; *.europe-west8.mtls.run.app; *.europe-west9.mtls.run.app; *.me-central1.mtls.run.app; *.me-central2.mtls.run.app; *.me-west1.mtls.run.app; *.northamerica-northeast1.mtls.run.app; *.northamerica-northeast2.mtls.run.app; *.northamerica-south1.mtls.run.app; *.southamerica-east1.mtls.run.app; *.southamerica-west1.mtls.run.app; *.us-central1.mtls.run.app; *.us-central2.mtls.run.app; *.us-east1.mtls.run.app; *.us-east4.mtls.run.app; *.us-east5.mtls.run.app; *.us-east7.mtls.run.app; *.us-south1.mtls.run.app; *.us-west1.mtls.run.app; *.us-west2.mtls.run.app; *.us-west3.mtls.run.app; *.us-west4.mtls.run.app; *.us-west8.mtls.run.app; *.ssh.run.app; seesaw-cloud-agent-531853173205.europe-west1.run.app,
977,https://seesaw-cloud-agent-531853173205.europe-west1.run.app/story/generate,seesaw-cloud-agent-531853173205.europe-west1.run.app,/story/generate,Completed,200,POST,application/json,192.168.1.9,192.168.1.9:62356,seesaw-cloud-agent-531853173205.europe-west1.run.app - 34.143.79.2:443,09:48:55.230,09:48:55.230,0,09:48:59.093,09:48:59.093,0,3863,09:48:59.093,363,391,0,0,,seesaw-cloud-agent-531853173205.europe-west1.run.app - 34.143.79.2:443,*.a.run.app,*.a.run.app; run.app; *.africa-south1.run.app; *.asia-east1.run.app; *.asia-east2.run.app; *.asia-northeast1.run.app; *.asia-northeast2.run.app; *.asia-northeast3.run.app; *.asia-south1.run.app; *.asia-south2.run.app; *.asia-southeast1.run.app; *.asia-southeast2.run.app; *.asia-southeast3.run.app; *.australia-southeast1.run.app; *.australia-southeast2.run.app; *.europe-central2.run.app; *.europe-north1.run.app; *.europe-north2.run.app; *.europe-north3.run.app; *.europe-southwest1.run.app; *.europe-west1.run.app; *.europe-west10.run.app; *.europe-west12.run.app; *.europe-west15.run.app; *.europe-west2.run.app; *.europe-west3.run.app; *.europe-west4.run.app; *.europe-west5.run.app; *.europe-west6.run.app; *.europe-west8.run.app; *.europe-west9.run.app; *.me-central1.run.app; *.me-central2.run.app; *.me-west1.run.app; *.northamerica-northeast1.run.app; *.northamerica-northeast2.run.app; *.northamerica-south1.run.app; *.southamerica-east1.run.app; *.southamerica-west1.run.app; *.us-central1.run.app; *.us-central2.run.app; *.us-east1.run.app; *.us-east4.run.app; *.us-east5.run.app; *.us-east7.run.app; *.us-south1.run.app; *.us-west1.run.app; *.us-west2.run.app; *.us-west3.run.app; *.us-west4.run.app; *.us-west8.run.app; *.africa-south1.mtls.run.app; *.asia-east1.mtls.run.app; *.asia-east2.mtls.run.app; *.asia-northeast1.mtls.run.app; *.asia-northeast2.mtls.run.app; *.asia-northeast3.mtls.run.app; *.asia-south1.mtls.run.app; *.asia-south2.mtls.run.app; *.asia-southeast1.mtls.run.app; *.asia-southeast2.mtls.run.app; *.asia-southeast3.mtls.run.app; *.australia-southeast1.mtls.run.app; *.australia-southeast2.mtls.run.app; *.europe-central2.mtls.run.app; *.europe-north1.mtls.run.app; *.europe-north2.mtls.run.app; *.europe-north3.mtls.run.app; *.europe-southwest1.mtls.run.app; *.europe-west1.mtls.run.app; *.europe-west10.mtls.run.app; *.europe-west12.mtls.run.app; *.europe-west15.mtls.run.app; *.europe-west2.mtls.run.app; *.europe-west3.mtls.run.app; *.europe-west4.mtls.run.app; *.europe-west5.mtls.run.app; *.europe-west6.mtls.run.app; *.europe-west8.mtls.run.app; *.europe-west9.mtls.run.app; *.me-central1.mtls.run.app; *.me-central2.mtls.run.app; *.me-west1.mtls.run.app; *.northamerica-northeast1.mtls.run.app; *.northamerica-northeast2.mtls.run.app; *.northamerica-south1.mtls.run.app; *.southamerica-east1.mtls.run.app; *.southamerica-west1.mtls.run.app; *.us-central1.mtls.run.app; *.us-central2.mtls.run.app; *.us-east1.mtls.run.app; *.us-east4.mtls.run.app; *.us-east5.mtls.run.app; *.us-east7.mtls.run.app; *.us-south1.mtls.run.app; *.us-west1.mtls.run.app; *.us-west2.mtls.run.app; *.us-west3.mtls.run.app; *.us-west4.mtls.run.app; *.us-west8.mtls.run.app; *.ssh.run.app; seesaw-cloud-agent-531853173205.europe-west1.run.app,
979,https://seesaw-cloud-agent-531853173205.europe-west1.run.app/story/enhance,seesaw-cloud-agent-531853173205.europe-west1.run.app,/story/enhance,Error,404,POST,application/json,192.168.1.9,192.168.1.9:62356,seesaw-cloud-agent-531853173205.europe-west1.run.app - 34.143.79.2:443,09:49:12.563,09:49:12.563,0,09:49:12.958,09:49:12.958,0,395,09:49:12.958,1121,22,0,0,,seesaw-cloud-agent-531853173205.europe-west1.run.app - 34.143.79.2:443,*.a.run.app,*.a.run.app; run.app; *.africa-south1.run.app; *.asia-east1.run.app; *.asia-east2.run.app; *.asia-northeast1.run.app; *.asia-northeast2.run.app; *.asia-northeast3.run.app; *.asia-south1.run.app; *.asia-south2.run.app; *.asia-southeast1.run.app; *.asia-southeast2.run.app; *.asia-southeast3.run.app; *.australia-southeast1.run.app; *.australia-southeast2.run.app; *.europe-central2.run.app; *.europe-north1.run.app; *.europe-north2.run.app; *.europe-north3.run.app; *.europe-southwest1.run.app; *.europe-west1.run.app; *.europe-west10.run.app; *.europe-west12.run.app; *.europe-west15.run.app; *.europe-west2.run.app; *.europe-west3.run.app; *.europe-west4.run.app; *.europe-west5.run.app; *.europe-west6.run.app; *.europe-west8.run.app; *.europe-west9.run.app; *.me-central1.run.app; *.me-central2.run.app; *.me-west1.run.app; *.northamerica-northeast1.run.app; *.northamerica-northeast2.run.app; *.northamerica-south1.run.app; *.southamerica-east1.run.app; *.southamerica-west1.run.app; *.us-central1.run.app; *.us-central2.run.app; *.us-east1.run.app; *.us-east4.run.app; *.us-east5.run.app; *.us-east7.run.app; *.us-south1.run.app; *.us-west1.run.app; *.us-west2.run.app; *.us-west3.run.app; *.us-west4.run.app; *.us-west8.run.app; *.africa-south1.mtls.run.app; *.asia-east1.mtls.run.app; *.asia-east2.mtls.run.app; *.asia-northeast1.mtls.run.app; *.asia-northeast2.mtls.run.app; *.asia-northeast3.mtls.run.app; *.asia-south1.mtls.run.app; *.asia-south2.mtls.run.app; *.asia-southeast1.mtls.run.app; *.asia-southeast2.mtls.run.app; *.asia-southeast3.mtls.run.app; *.australia-southeast1.mtls.run.app; *.australia-southeast2.mtls.run.app; *.europe-central2.mtls.run.app; *.europe-north1.mtls.run.app; *.europe-north2.mtls.run.app; *.europe-north3.mtls.run.app; *.europe-southwest1.mtls.run.app; *.europe-west1.mtls.run.app; *.europe-west10.mtls.run.app; *.europe-west12.mtls.run.app; *.europe-west15.mtls.run.app; *.europe-west2.mtls.run.app; *.europe-west3.mtls.run.app; *.europe-west4.mtls.run.app; *.europe-west5.mtls.run.app; *.europe-west6.mtls.run.app; *.europe-west8.mtls.run.app; *.europe-west9.mtls.run.app; *.me-central1.mtls.run.app; *.me-central2.mtls.run.app; *.me-west1.mtls.run.app; *.northamerica-northeast1.mtls.run.app; *.northamerica-northeast2.mtls.run.app; *.northamerica-south1.mtls.run.app; *.southamerica-east1.mtls.run.app; *.southamerica-west1.mtls.run.app; *.us-central1.mtls.run.app; *.us-central2.mtls.run.app; *.us-east1.mtls.run.app; *.us-east4.mtls.run.app; *.us-east5.mtls.run.app; *.us-east7.mtls.run.app; *.us-south1.mtls.run.app; *.us-west1.mtls.run.app; *.us-west2.mtls.run.app; *.us-west3.mtls.run.app; *.us-west4.mtls.run.app; *.us-west8.mtls.run.app; *.ssh.run.app; seesaw-cloud-agent-531853173205.europe-west1.run.app,
980,https://seesaw-cloud-agent-531853173205.europe-west1.run.app/story/generate,seesaw-cloud-agent-531853173205.europe-west1.run.app,/story/generate,Completed,200,POST,application/json,192.168.1.9,192.168.1.9:62356,seesaw-cloud-agent-531853173205.europe-west1.run.app - 34.143.79.2:443,09:49:12.970,09:49:12.970,0,09:49:15.527,09:49:15.528,0,2558,09:49:15.528,656,403,0,0,,seesaw-cloud-agent-531853173205.europe-west1.run.app - 34.143.79.2:443,*.a.run.app,*.a.run.app; run.app; *.africa-south1.run.app; *.asia-east1.run.app; *.asia-east2.run.app; *.asia-northeast1.run.app; *.asia-northeast2.run.app; *.asia-northeast3.run.app; *.asia-south1.run.app; *.asia-south2.run.app; *.asia-southeast1.run.app; *.asia-southeast2.run.app; *.asia-southeast3.run.app; *.australia-southeast1.run.app; *.australia-southeast2.run.app; *.europe-central2.run.app; *.europe-north1.run.app; *.europe-north2.run.app; *.europe-north3.run.app; *.europe-southwest1.run.app; *.europe-west1.run.app; *.europe-west10.run.app; *.europe-west12.run.app; *.europe-west15.run.app; *.europe-west2.run.app; *.europe-west3.run.app; *.europe-west4.run.app; *.europe-west5.run.app; *.europe-west6.run.app; *.europe-west8.run.app; *.europe-west9.run.app; *.me-central1.run.app; *.me-central2.run.app; *.me-west1.run.app; *.northamerica-northeast1.run.app; *.northamerica-northeast2.run.app; *.northamerica-south1.run.app; *.southamerica-east1.run.app; *.southamerica-west1.run.app; *.us-central1.run.app; *.us-central2.run.app; *.us-east1.run.app; *.us-east4.run.app; *.us-east5.run.app; *.us-east7.run.app; *.us-south1.run.app; *.us-west1.run.app; *.us-west2.run.app; *.us-west3.run.app; *.us-west4.run.app; *.us-west8.run.app; *.africa-south1.mtls.run.app; *.asia-east1.mtls.run.app; *.asia-east2.mtls.run.app; *.asia-northeast1.mtls.run.app; *.asia-northeast2.mtls.run.app; *.asia-northeast3.mtls.run.app; *.asia-south1.mtls.run.app; *.asia-south2.mtls.run.app; *.asia-southeast1.mtls.run.app; *.asia-southeast2.mtls.run.app; *.asia-southeast3.mtls.run.app; *.australia-southeast1.mtls.run.app; *.australia-southeast2.mtls.run.app; *.europe-central2.mtls.run.app; *.europe-north1.mtls.run.app; *.europe-north2.mtls.run.app; *.europe-north3.mtls.run.app; *.europe-southwest1.mtls.run.app; *.europe-west1.mtls.run.app; *.europe-west10.mtls.run.app; *.europe-west12.mtls.run.app; *.europe-west15.mtls.run.app; *.europe-west2.mtls.run.app; *.europe-west3.mtls.run.app; *.europe-west4.mtls.run.app; *.europe-west5.mtls.run.app; *.europe-west6.mtls.run.app; *.europe-west8.mtls.run.app; *.europe-west9.mtls.run.app; *.me-central1.mtls.run.app; *.me-central2.mtls.run.app; *.me-west1.mtls.run.app; *.northamerica-northeast1.mtls.run.app; *.northamerica-northeast2.mtls.run.app; *.northamerica-south1.mtls.run.app; *.southamerica-east1.mtls.run.app; *.southamerica-west1.mtls.run.app; *.us-central1.mtls.run.app; *.us-central2.mtls.run.app; *.us-east1.mtls.run.app; *.us-east4.mtls.run.app; *.us-east5.mtls.run.app; *.us-east7.mtls.run.app; *.us-south1.mtls.run.app; *.us-west1.mtls.run.app; *.us-west2.mtls.run.app; *.us-west3.mtls.run.app; *.us-west4.mtls.run.app; *.us-west8.mtls.run.app; *.ssh.run.app; seesaw-cloud-agent-531853173205.europe-west1.run.app,
981,https://seesaw-cloud-agent-531853173205.europe-west1.run.app/story/enhance,seesaw-cloud-agent-531853173205.europe-west1.run.app,/story/enhance,Error,404,POST,application/json,192.168.1.9,192.168.1.9:62356,seesaw-cloud-agent-531853173205.europe-west1.run.app - 34.143.79.2:443,09:49:37.250,09:49:37.250,0,09:49:37.612,09:49:37.612,0,363,09:49:37.612,1429,22,0,0,,seesaw-cloud-agent-531853173205.europe-west1.run.app - 34.143.79.2:443,*.a.run.app,*.a.run.app; run.app; *.africa-south1.run.app; *.asia-east1.run.app; *.asia-east2.run.app; *.asia-northeast1.run.app; *.asia-northeast2.run.app; *.asia-northeast3.run.app; *.asia-south1.run.app; *.asia-south2.run.app; *.asia-southeast1.run.app; *.asia-southeast2.run.app; *.asia-southeast3.run.app; *.australia-southeast1.run.app; *.australia-southeast2.run.app; *.europe-central2.run.app; *.europe-north1.run.app; *.europe-north2.run.app; *.europe-north3.run.app; *.europe-southwest1.run.app; *.europe-west1.run.app; *.europe-west10.run.app; *.europe-west12.run.app; *.europe-west15.run.app; *.europe-west2.run.app; *.europe-west3.run.app; *.europe-west4.run.app; *.europe-west5.run.app; *.europe-west6.run.app; *.europe-west8.run.app; *.europe-west9.run.app; *.me-central1.run.app; *.me-central2.run.app; *.me-west1.run.app; *.northamerica-northeast1.run.app; *.northamerica-northeast2.run.app; *.northamerica-south1.run.app; *.southamerica-east1.run.app; *.southamerica-west1.run.app; *.us-central1.run.app; *.us-central2.run.app; *.us-east1.run.app; *.us-east4.run.app; *.us-east5.run.app; *.us-east7.run.app; *.us-south1.run.app; *.us-west1.run.app; *.us-west2.run.app; *.us-west3.run.app; *.us-west4.run.app; *.us-west8.run.app; *.africa-south1.mtls.run.app; *.asia-east1.mtls.run.app; *.asia-east2.mtls.run.app; *.asia-northeast1.mtls.run.app; *.asia-northeast2.mtls.run.app; *.asia-northeast3.mtls.run.app; *.asia-south1.mtls.run.app; *.asia-south2.mtls.run.app; *.asia-southeast1.mtls.run.app; *.asia-southeast2.mtls.run.app; *.asia-southeast3.mtls.run.app; *.australia-southeast1.mtls.run.app; *.australia-southeast2.mtls.run.app; *.europe-central2.mtls.run.app; *.europe-north1.mtls.run.app; *.europe-north2.mtls.run.app; *.europe-north3.mtls.run.app; *.europe-southwest1.mtls.run.app; *.europe-west1.mtls.run.app; *.europe-west10.mtls.run.app; *.europe-west12.mtls.run.app; *.europe-west15.mtls.run.app; *.europe-west2.mtls.run.app; *.europe-west3.mtls.run.app; *.europe-west4.mtls.run.app; *.europe-west5.mtls.run.app; *.europe-west6.mtls.run.app; *.europe-west8.mtls.run.app; *.europe-west9.mtls.run.app; *.me-central1.mtls.run.app; *.me-central2.mtls.run.app; *.me-west1.mtls.run.app; *.northamerica-northeast1.mtls.run.app; *.northamerica-northeast2.mtls.run.app; *.northamerica-south1.mtls.run.app; *.southamerica-east1.mtls.run.app; *.southamerica-west1.mtls.run.app; *.us-central1.mtls.run.app; *.us-central2.mtls.run.app; *.us-east1.mtls.run.app; *.us-east4.mtls.run.app; *.us-east5.mtls.run.app; *.us-east7.mtls.run.app; *.us-south1.mtls.run.app; *.us-west1.mtls.run.app; *.us-west2.mtls.run.app; *.us-west3.mtls.run.app; *.us-west4.mtls.run.app; *.us-west8.mtls.run.app; *.ssh.run.app; seesaw-cloud-agent-531853173205.europe-west1.run.app,
982,https://seesaw-cloud-agent-531853173205.europe-west1.run.app/story/generate,seesaw-cloud-agent-531853173205.europe-west1.run.app,/story/generate,Completed,200,POST,application/json,192.168.1.9,192.168.1.9:62356,seesaw-cloud-agent-531853173205.europe-west1.run.app - 34.143.79.2:443,09:49:37.663,09:49:37.664,0,09:49:40.372,09:49:40.372,0,2709,09:49:40.372,943,468,0,0,,seesaw-cloud-agent-531853173205.europe-west1.run.app - 34.143.79.2:443,*.a.run.app,*.a.run.app; run.app; *.africa-south1.run.app; *.asia-east1.run.app; *.asia-east2.run.app; *.asia-northeast1.run.app; *.asia-northeast2.run.app; *.asia-northeast3.run.app; *.asia-south1.run.app; *.asia-south2.run.app; *.asia-southeast1.run.app; *.asia-southeast2.run.app; *.asia-southeast3.run.app; *.australia-southeast1.run.app; *.australia-southeast2.run.app; *.europe-central2.run.app; *.europe-north1.run.app; *.europe-north2.run.app; *.europe-north3.run.app; *.europe-southwest1.run.app; *.europe-west1.run.app; *.europe-west10.run.app; *.europe-west12.run.app; *.europe-west15.run.app; *.europe-west2.run.app; *.europe-west3.run.app; *.europe-west4.run.app; *.europe-west5.run.app; *.europe-west6.run.app; *.europe-west8.run.app; *.europe-west9.run.app; *.me-central1.run.app; *.me-central2.run.app; *.me-west1.run.app; *.northamerica-northeast1.run.app; *.northamerica-northeast2.run.app; *.northamerica-south1.run.app; *.southamerica-east1.run.app; *.southamerica-west1.run.app; *.us-central1.run.app; *.us-central2.run.app; *.us-east1.run.app; *.us-east4.run.app; *.us-east5.run.app; *.us-east7.run.app; *.us-south1.run.app; *.us-west1.run.app; *.us-west2.run.app; *.us-west3.run.app; *.us-west4.run.app; *.us-west8.run.app; *.africa-south1.mtls.run.app; *.asia-east1.mtls.run.app; *.asia-east2.mtls.run.app; *.asia-northeast1.mtls.run.app; *.asia-northeast2.mtls.run.app; *.asia-northeast3.mtls.run.app; *.asia-south1.mtls.run.app; *.asia-south2.mtls.run.app; *.asia-southeast1.mtls.run.app; *.asia-southeast2.mtls.run.app; *.asia-southeast3.mtls.run.app; *.australia-southeast1.mtls.run.app; *.australia-southeast2.mtls.run.app; *.europe-central2.mtls.run.app; *.europe-north1.mtls.run.app; *.europe-north2.mtls.run.app; *.europe-north3.mtls.run.app; *.europe-southwest1.mtls.run.app; *.europe-west1.mtls.run.app; *.europe-west10.mtls.run.app; *.europe-west12.mtls.run.app; *.europe-west15.mtls.run.app; *.europe-west2.mtls.run.app; *.europe-west3.mtls.run.app; *.europe-west4.mtls.run.app; *.europe-west5.mtls.run.app; *.europe-west6.mtls.run.app; *.europe-west8.mtls.run.app; *.europe-west9.mtls.run.app; *.me-central1.mtls.run.app; *.me-central2.mtls.run.app; *.me-west1.mtls.run.app; *.northamerica-northeast1.mtls.run.app; *.northamerica-northeast2.mtls.run.app; *.northamerica-south1.mtls.run.app; *.southamerica-east1.mtls.run.app; *.southamerica-west1.mtls.run.app; *.us-central1.mtls.run.app; *.us-central2.mtls.run.app; *.us-east1.mtls.run.app; *.us-east4.mtls.run.app; *.us-east5.mtls.run.app; *.us-east7.mtls.run.app; *.us-south1.mtls.run.app; *.us-west1.mtls.run.app; *.us-west2.mtls.run.app; *.us-west3.mtls.run.app; *.us-west4.mtls.run.app; *.us-west8.mtls.run.app; *.ssh.run.app; seesaw-cloud-agent-531853173205.europe-west1.run.app,
991,https://seesaw-cloud-agent-531853173205.europe-west1.run.app/story/enhance,seesaw-cloud-agent-531853173205.europe-west1.run.app,/story/enhance,Error,404,POST,application/json,192.168.1.9,192.168.1.9:62357,seesaw-cloud-agent-531853173205.europe-west1.run.app - 34.143.73.2:443,09:50:30.607,09:50:30.898,291,09:50:31.403,09:50:31.403,1,796,09:50:31.403,759,22,0,0,,seesaw-cloud-agent-531853173205.europe-west1.run.app - 34.143.73.2:443,*.a.run.app,*.a.run.app; run.app; *.africa-south1.run.app; *.asia-east1.run.app; *.asia-east2.run.app; *.asia-northeast1.run.app; *.asia-northeast2.run.app; *.asia-northeast3.run.app; *.asia-south1.run.app; *.asia-south2.run.app; *.asia-southeast1.run.app; *.asia-southeast2.run.app; *.asia-southeast3.run.app; *.australia-southeast1.run.app; *.australia-southeast2.run.app; *.europe-central2.run.app; *.europe-north1.run.app; *.europe-north2.run.app; *.europe-north3.run.app; *.europe-southwest1.run.app; *.europe-west1.run.app; *.europe-west10.run.app; *.europe-west12.run.app; *.europe-west15.run.app; *.europe-west2.run.app; *.europe-west3.run.app; *.europe-west4.run.app; *.europe-west5.run.app; *.europe-west6.run.app; *.europe-west8.run.app; *.europe-west9.run.app; *.me-central1.run.app; *.me-central2.run.app; *.me-west1.run.app; *.northamerica-northeast1.run.app; *.northamerica-northeast2.run.app; *.northamerica-south1.run.app; *.southamerica-east1.run.app; *.southamerica-west1.run.app; *.us-central1.run.app; *.us-central2.run.app; *.us-east1.run.app; *.us-east4.run.app; *.us-east5.run.app; *.us-east7.run.app; *.us-south1.run.app; *.us-west1.run.app; *.us-west2.run.app; *.us-west3.run.app; *.us-west4.run.app; *.us-west8.run.app; *.africa-south1.mtls.run.app; *.asia-east1.mtls.run.app; *.asia-east2.mtls.run.app; *.asia-northeast1.mtls.run.app; *.asia-northeast2.mtls.run.app; *.asia-northeast3.mtls.run.app; *.asia-south1.mtls.run.app; *.asia-south2.mtls.run.app; *.asia-southeast1.mtls.run.app; *.asia-southeast2.mtls.run.app; *.asia-southeast3.mtls.run.app; *.australia-southeast1.mtls.run.app; *.australia-southeast2.mtls.run.app; *.europe-central2.mtls.run.app; *.europe-north1.mtls.run.app; *.europe-north2.mtls.run.app; *.europe-north3.mtls.run.app; *.europe-southwest1.mtls.run.app; *.europe-west1.mtls.run.app; *.europe-west10.mtls.run.app; *.europe-west12.mtls.run.app; *.europe-west15.mtls.run.app; *.europe-west2.mtls.run.app; *.europe-west3.mtls.run.app; *.europe-west4.mtls.run.app; *.europe-west5.mtls.run.app; *.europe-west6.mtls.run.app; *.europe-west8.mtls.run.app; *.europe-west9.mtls.run.app; *.me-central1.mtls.run.app; *.me-central2.mtls.run.app; *.me-west1.mtls.run.app; *.northamerica-northeast1.mtls.run.app; *.northamerica-northeast2.mtls.run.app; *.northamerica-south1.mtls.run.app; *.southamerica-east1.mtls.run.app; *.southamerica-west1.mtls.run.app; *.us-central1.mtls.run.app; *.us-central2.mtls.run.app; *.us-east1.mtls.run.app; *.us-east4.mtls.run.app; *.us-east5.mtls.run.app; *.us-east7.mtls.run.app; *.us-south1.mtls.run.app; *.us-west1.mtls.run.app; *.us-west2.mtls.run.app; *.us-west3.mtls.run.app; *.us-west4.mtls.run.app; *.us-west8.mtls.run.app; *.ssh.run.app; seesaw-cloud-agent-531853173205.europe-west1.run.app,
992,https://seesaw-cloud-agent-531853173205.europe-west1.run.app/story/generate,seesaw-cloud-agent-531853173205.europe-west1.run.app,/story/generate,Completed,200,POST,application/json,192.168.1.9,192.168.1.9:62357,seesaw-cloud-agent-531853173205.europe-west1.run.app - 34.143.73.2:443,09:50:31.551,09:50:31.552,0,09:50:35.073,09:50:35.074,0,3522,09:50:35.074,389,399,0,0,,seesaw-cloud-agent-531853173205.europe-west1.run.app - 34.143.73.2:443,*.a.run.app,*.a.run.app; run.app; *.africa-south1.run.app; *.asia-east1.run.app; *.asia-east2.run.app; *.asia-northeast1.run.app; *.asia-northeast2.run.app; *.asia-northeast3.run.app; *.asia-south1.run.app; *.asia-south2.run.app; *.asia-southeast1.run.app; *.asia-southeast2.run.app; *.asia-southeast3.run.app; *.australia-southeast1.run.app; *.australia-southeast2.run.app; *.europe-central2.run.app; *.europe-north1.run.app; *.europe-north2.run.app; *.europe-north3.run.app; *.europe-southwest1.run.app; *.europe-west1.run.app; *.europe-west10.run.app; *.europe-west12.run.app; *.europe-west15.run.app; *.europe-west2.run.app; *.europe-west3.run.app; *.europe-west4.run.app; *.europe-west5.run.app; *.europe-west6.run.app; *.europe-west8.run.app; *.europe-west9.run.app; *.me-central1.run.app; *.me-central2.run.app; *.me-west1.run.app; *.northamerica-northeast1.run.app; *.northamerica-northeast2.run.app; *.northamerica-south1.run.app; *.southamerica-east1.run.app; *.southamerica-west1.run.app; *.us-central1.run.app; *.us-central2.run.app; *.us-east1.run.app; *.us-east4.run.app; *.us-east5.run.app; *.us-east7.run.app; *.us-south1.run.app; *.us-west1.run.app; *.us-west2.run.app; *.us-west3.run.app; *.us-west4.run.app; *.us-west8.run.app; *.africa-south1.mtls.run.app; *.asia-east1.mtls.run.app; *.asia-east2.mtls.run.app; *.asia-northeast1.mtls.run.app; *.asia-northeast2.mtls.run.app; *.asia-northeast3.mtls.run.app; *.asia-south1.mtls.run.app; *.asia-south2.mtls.run.app; *.asia-southeast1.mtls.run.app; *.asia-southeast2.mtls.run.app; *.asia-southeast3.mtls.run.app; *.australia-southeast1.mtls.run.app; *.australia-southeast2.mtls.run.app; *.europe-central2.mtls.run.app; *.europe-north1.mtls.run.app; *.europe-north2.mtls.run.app; *.europe-north3.mtls.run.app; *.europe-southwest1.mtls.run.app; *.europe-west1.mtls.run.app; *.europe-west10.mtls.run.app; *.europe-west12.mtls.run.app; *.europe-west15.mtls.run.app; *.europe-west2.mtls.run.app; *.europe-west3.mtls.run.app; *.europe-west4.mtls.run.app; *.europe-west5.mtls.run.app; *.europe-west6.mtls.run.app; *.europe-west8.mtls.run.app; *.europe-west9.mtls.run.app; *.me-central1.mtls.run.app; *.me-central2.mtls.run.app; *.me-west1.mtls.run.app; *.northamerica-northeast1.mtls.run.app; *.northamerica-northeast2.mtls.run.app; *.northamerica-south1.mtls.run.app; *.southamerica-east1.mtls.run.app; *.southamerica-west1.mtls.run.app; *.us-central1.mtls.run.app; *.us-central2.mtls.run.app; *.us-east1.mtls.run.app; *.us-east4.mtls.run.app; *.us-east5.mtls.run.app; *.us-east7.mtls.run.app; *.us-south1.mtls.run.app; *.us-west1.mtls.run.app; *.us-west2.mtls.run.app; *.us-west3.mtls.run.app; *.us-west4.mtls.run.app; *.us-west8.mtls.run.app; *.ssh.run.app; seesaw-cloud-agent-531853173205.europe-west1.run.app,
994,https://seesaw-cloud-agent-531853173205.europe-west1.run.app/story/enhance,seesaw-cloud-agent-531853173205.europe-west1.run.app,/story/enhance,Error,404,POST,application/json,192.168.1.9,192.168.1.9:62357,seesaw-cloud-agent-531853173205.europe-west1.run.app - 34.143.73.2:443,09:50:48.936,09:50:48.937,0,09:50:49.353,09:50:49.353,0,417,09:50:49.353,1145,22,0,0,,seesaw-cloud-agent-531853173205.europe-west1.run.app - 34.143.73.2:443,*.a.run.app,*.a.run.app; run.app; *.africa-south1.run.app; *.asia-east1.run.app; *.asia-east2.run.app; *.asia-northeast1.run.app; *.asia-northeast2.run.app; *.asia-northeast3.run.app; *.asia-south1.run.app; *.asia-south2.run.app; *.asia-southeast1.run.app; *.asia-southeast2.run.app; *.asia-southeast3.run.app; *.australia-southeast1.run.app; *.australia-southeast2.run.app; *.europe-central2.run.app; *.europe-north1.run.app; *.europe-north2.run.app; *.europe-north3.run.app; *.europe-southwest1.run.app; *.europe-west1.run.app; *.europe-west10.run.app; *.europe-west12.run.app; *.europe-west15.run.app; *.europe-west2.run.app; *.europe-west3.run.app; *.europe-west4.run.app; *.europe-west5.run.app; *.europe-west6.run.app; *.europe-west8.run.app; *.europe-west9.run.app; *.me-central1.run.app; *.me-central2.run.app; *.me-west1.run.app; *.northamerica-northeast1.run.app; *.northamerica-northeast2.run.app; *.northamerica-south1.run.app; *.southamerica-east1.run.app; *.southamerica-west1.run.app; *.us-central1.run.app; *.us-central2.run.app; *.us-east1.run.app; *.us-east4.run.app; *.us-east5.run.app; *.us-east7.run.app; *.us-south1.run.app; *.us-west1.run.app; *.us-west2.run.app; *.us-west3.run.app; *.us-west4.run.app; *.us-west8.run.app; *.africa-south1.mtls.run.app; *.asia-east1.mtls.run.app; *.asia-east2.mtls.run.app; *.asia-northeast1.mtls.run.app; *.asia-northeast2.mtls.run.app; *.asia-northeast3.mtls.run.app; *.asia-south1.mtls.run.app; *.asia-south2.mtls.run.app; *.asia-southeast1.mtls.run.app; *.asia-southeast2.mtls.run.app; *.asia-southeast3.mtls.run.app; *.australia-southeast1.mtls.run.app; *.australia-southeast2.mtls.run.app; *.europe-central2.mtls.run.app; *.europe-north1.mtls.run.app; *.europe-north2.mtls.run.app; *.europe-north3.mtls.run.app; *.europe-southwest1.mtls.run.app; *.europe-west1.mtls.run.app; *.europe-west10.mtls.run.app; *.europe-west12.mtls.run.app; *.europe-west15.mtls.run.app; *.europe-west2.mtls.run.app; *.europe-west3.mtls.run.app; *.europe-west4.mtls.run.app; *.europe-west5.mtls.run.app; *.europe-west6.mtls.run.app; *.europe-west8.mtls.run.app; *.europe-west9.mtls.run.app; *.me-central1.mtls.run.app; *.me-central2.mtls.run.app; *.me-west1.mtls.run.app; *.northamerica-northeast1.mtls.run.app; *.northamerica-northeast2.mtls.run.app; *.northamerica-south1.mtls.run.app; *.southamerica-east1.mtls.run.app; *.southamerica-west1.mtls.run.app; *.us-central1.mtls.run.app; *.us-central2.mtls.run.app; *.us-east1.mtls.run.app; *.us-east4.mtls.run.app; *.us-east5.mtls.run.app; *.us-east7.mtls.run.app; *.us-south1.mtls.run.app; *.us-west1.mtls.run.app; *.us-west2.mtls.run.app; *.us-west3.mtls.run.app; *.us-west4.mtls.run.app; *.us-west8.mtls.run.app; *.ssh.run.app; seesaw-cloud-agent-531853173205.europe-west1.run.app,
995,https://seesaw-cloud-agent-531853173205.europe-west1.run.app/story/generate,seesaw-cloud-agent-531853173205.europe-west1.run.app,/story/generate,Completed,200,POST,application/json,192.168.1.9,192.168.1.9:62357,seesaw-cloud-agent-531853173205.europe-west1.run.app - 34.143.73.2:443,09:50:49.517,09:50:49.517,0,09:50:54.440,09:50:54.440,0,4923,09:50:54.440,662,419,0,0,,seesaw-cloud-agent-531853173205.europe-west1.run.app - 34.143.73.2:443,*.a.run.app,*.a.run.app; run.app; *.africa-south1.run.app; *.asia-east1.run.app; *.asia-east2.run.app; *.asia-northeast1.run.app; *.asia-northeast2.run.app; *.asia-northeast3.run.app; *.asia-south1.run.app; *.asia-south2.run.app; *.asia-southeast1.run.app; *.asia-southeast2.run.app; *.asia-southeast3.run.app; *.australia-southeast1.run.app; *.australia-southeast2.run.app; *.europe-central2.run.app; *.europe-north1.run.app; *.europe-north2.run.app; *.europe-north3.run.app; *.europe-southwest1.run.app; *.europe-west1.run.app; *.europe-west10.run.app; *.europe-west12.run.app; *.europe-west15.run.app; *.europe-west2.run.app; *.europe-west3.run.app; *.europe-west4.run.app; *.europe-west5.run.app; *.europe-west6.run.app; *.europe-west8.run.app; *.europe-west9.run.app; *.me-central1.run.app; *.me-central2.run.app; *.me-west1.run.app; *.northamerica-northeast1.run.app; *.northamerica-northeast2.run.app; *.northamerica-south1.run.app; *.southamerica-east1.run.app; *.southamerica-west1.run.app; *.us-central1.run.app; *.us-central2.run.app; *.us-east1.run.app; *.us-east4.run.app; *.us-east5.run.app; *.us-east7.run.app; *.us-south1.run.app; *.us-west1.run.app; *.us-west2.run.app; *.us-west3.run.app; *.us-west4.run.app; *.us-west8.run.app; *.africa-south1.mtls.run.app; *.asia-east1.mtls.run.app; *.asia-east2.mtls.run.app; *.asia-northeast1.mtls.run.app; *.asia-northeast2.mtls.run.app; *.asia-northeast3.mtls.run.app; *.asia-south1.mtls.run.app; *.asia-south2.mtls.run.app; *.asia-southeast1.mtls.run.app; *.asia-southeast2.mtls.run.app; *.asia-southeast3.mtls.run.app; *.australia-southeast1.mtls.run.app; *.australia-southeast2.mtls.run.app; *.europe-central2.mtls.run.app; *.europe-north1.mtls.run.app; *.europe-north2.mtls.run.app; *.europe-north3.mtls.run.app; *.europe-southwest1.mtls.run.app; *.europe-west1.mtls.run.app; *.europe-west10.mtls.run.app; *.europe-west12.mtls.run.app; *.europe-west15.mtls.run.app; *.europe-west2.mtls.run.app; *.europe-west3.mtls.run.app; *.europe-west4.mtls.run.app; *.europe-west5.mtls.run.app; *.europe-west6.mtls.run.app; *.europe-west8.mtls.run.app; *.europe-west9.mtls.run.app; *.me-central1.mtls.run.app; *.me-central2.mtls.run.app; *.me-west1.mtls.run.app; *.northamerica-northeast1.mtls.run.app; *.northamerica-northeast2.mtls.run.app; *.northamerica-south1.mtls.run.app; *.southamerica-east1.mtls.run.app; *.southamerica-west1.mtls.run.app; *.us-central1.mtls.run.app; *.us-central2.mtls.run.app; *.us-east1.mtls.run.app; *.us-east4.mtls.run.app; *.us-east5.mtls.run.app; *.us-east7.mtls.run.app; *.us-south1.mtls.run.app; *.us-west1.mtls.run.app; *.us-west2.mtls.run.app; *.us-west3.mtls.run.app; *.us-west4.mtls.run.app; *.us-west8.mtls.run.app; *.ssh.run.app; seesaw-cloud-agent-531853173205.europe-west1.run.app,
996,https://seesaw-cloud-agent-531853173205.europe-west1.run.app/story/enhance,seesaw-cloud-agent-531853173205.europe-west1.run.app,/story/enhance,Error,404,POST,application/json,192.168.1.9,192.168.1.9:62357,seesaw-cloud-agent-531853173205.europe-west1.run.app - 34.143.73.2:443,09:51:12.389,09:51:12.390,0,09:51:12.790,09:51:12.790,0,400,09:51:12.790,1487,22,0,0,,seesaw-cloud-agent-531853173205.europe-west1.run.app - 34.143.73.2:443,*.a.run.app,*.a.run.app; run.app; *.africa-south1.run.app; *.asia-east1.run.app; *.asia-east2.run.app; *.asia-northeast1.run.app; *.asia-northeast2.run.app; *.asia-northeast3.run.app; *.asia-south1.run.app; *.asia-south2.run.app; *.asia-southeast1.run.app; *.asia-southeast2.run.app; *.asia-southeast3.run.app; *.australia-southeast1.run.app; *.australia-southeast2.run.app; *.europe-central2.run.app; *.europe-north1.run.app; *.europe-north2.run.app; *.europe-north3.run.app; *.europe-southwest1.run.app; *.europe-west1.run.app; *.europe-west10.run.app; *.europe-west12.run.app; *.europe-west15.run.app; *.europe-west2.run.app; *.europe-west3.run.app; *.europe-west4.run.app; *.europe-west5.run.app; *.europe-west6.run.app; *.europe-west8.run.app; *.europe-west9.run.app; *.me-central1.run.app; *.me-central2.run.app; *.me-west1.run.app; *.northamerica-northeast1.run.app; *.northamerica-northeast2.run.app; *.northamerica-south1.run.app; *.southamerica-east1.run.app; *.southamerica-west1.run.app; *.us-central1.run.app; *.us-central2.run.app; *.us-east1.run.app; *.us-east4.run.app; *.us-east5.run.app; *.us-east7.run.app; *.us-south1.run.app; *.us-west1.run.app; *.us-west2.run.app; *.us-west3.run.app; *.us-west4.run.app; *.us-west8.run.app; *.africa-south1.mtls.run.app; *.asia-east1.mtls.run.app; *.asia-east2.mtls.run.app; *.asia-northeast1.mtls.run.app; *.asia-northeast2.mtls.run.app; *.asia-northeast3.mtls.run.app; *.asia-south1.mtls.run.app; *.asia-south2.mtls.run.app; *.asia-southeast1.mtls.run.app; *.asia-southeast2.mtls.run.app; *.asia-southeast3.mtls.run.app; *.australia-southeast1.mtls.run.app; *.australia-southeast2.mtls.run.app; *.europe-central2.mtls.run.app; *.europe-north1.mtls.run.app; *.europe-north2.mtls.run.app; *.europe-north3.mtls.run.app; *.europe-southwest1.mtls.run.app; *.europe-west1.mtls.run.app; *.europe-west10.mtls.run.app; *.europe-west12.mtls.run.app; *.europe-west15.mtls.run.app; *.europe-west2.mtls.run.app; *.europe-west3.mtls.run.app; *.europe-west4.mtls.run.app; *.europe-west5.mtls.run.app; *.europe-west6.mtls.run.app; *.europe-west8.mtls.run.app; *.europe-west9.mtls.run.app; *.me-central1.mtls.run.app; *.me-central2.mtls.run.app; *.me-west1.mtls.run.app; *.northamerica-northeast1.mtls.run.app; *.northamerica-northeast2.mtls.run.app; *.northamerica-south1.mtls.run.app; *.southamerica-east1.mtls.run.app; *.southamerica-west1.mtls.run.app; *.us-central1.mtls.run.app; *.us-central2.mtls.run.app; *.us-east1.mtls.run.app; *.us-east4.mtls.run.app; *.us-east5.mtls.run.app; *.us-east7.mtls.run.app; *.us-south1.mtls.run.app; *.us-west1.mtls.run.app; *.us-west2.mtls.run.app; *.us-west3.mtls.run.app; *.us-west4.mtls.run.app; *.us-west8.mtls.run.app; *.ssh.run.app; seesaw-cloud-agent-531853173205.europe-west1.run.app,
997,https://seesaw-cloud-agent-531853173205.europe-west1.run.app/story/generate,seesaw-cloud-agent-531853173205.europe-west1.run.app,/story/generate,Completed,200,POST,application/json,192.168.1.9,192.168.1.9:62357,seesaw-cloud-agent-531853173205.europe-west1.run.app - 34.143.73.2:443,09:51:12.933,09:51:12.933,0,09:51:16.533,09:51:16.533,0,3600,09:51:16.533,986,420,0,0,,seesaw-cloud-agent-531853173205.europe-west1.run.app - 34.143.73.2:443,*.a.run.app,*.a.run.app; run.app; *.africa-south1.run.app; *.asia-east1.run.app; *.asia-east2.run.app; *.asia-northeast1.run.app; *.asia-northeast2.run.app; *.asia-northeast3.run.app; *.asia-south1.run.app; *.asia-south2.run.app; *.asia-southeast1.run.app; *.asia-southeast2.run.app; *.asia-southeast3.run.app; *.australia-southeast1.run.app; *.australia-southeast2.run.app; *.europe-central2.run.app; *.europe-north1.run.app; *.europe-north2.run.app; *.europe-north3.run.app; *.europe-southwest1.run.app; *.europe-west1.run.app; *.europe-west10.run.app; *.europe-west12.run.app; *.europe-west15.run.app; *.europe-west2.run.app; *.europe-west3.run.app; *.europe-west4.run.app; *.europe-west5.run.app; *.europe-west6.run.app; *.europe-west8.run.app; *.europe-west9.run.app; *.me-central1.run.app; *.me-central2.run.app; *.me-west1.run.app; *.northamerica-northeast1.run.app; *.northamerica-northeast2.run.app; *.northamerica-south1.run.app; *.southamerica-east1.run.app; *.southamerica-west1.run.app; *.us-central1.run.app; *.us-central2.run.app; *.us-east1.run.app; *.us-east4.run.app; *.us-east5.run.app; *.us-east7.run.app; *.us-south1.run.app; *.us-west1.run.app; *.us-west2.run.app; *.us-west3.run.app; *.us-west4.run.app; *.us-west8.run.app; *.africa-south1.mtls.run.app; *.asia-east1.mtls.run.app; *.asia-east2.mtls.run.app; *.asia-northeast1.mtls.run.app; *.asia-northeast2.mtls.run.app; *.asia-northeast3.mtls.run.app; *.asia-south1.mtls.run.app; *.asia-south2.mtls.run.app; *.asia-southeast1.mtls.run.app; *.asia-southeast2.mtls.run.app; *.asia-southeast3.mtls.run.app; *.australia-southeast1.mtls.run.app; *.australia-southeast2.mtls.run.app; *.europe-central2.mtls.run.app; *.europe-north1.mtls.run.app; *.europe-north2.mtls.run.app; *.europe-north3.mtls.run.app; *.europe-southwest1.mtls.run.app; *.europe-west1.mtls.run.app; *.europe-west10.mtls.run.app; *.europe-west12.mtls.run.app; *.europe-west15.mtls.run.app; *.europe-west2.mtls.run.app; *.europe-west3.mtls.run.app; *.europe-west4.mtls.run.app; *.europe-west5.mtls.run.app; *.europe-west6.mtls.run.app; *.europe-west8.mtls.run.app; *.europe-west9.mtls.run.app; *.me-central1.mtls.run.app; *.me-central2.mtls.run.app; *.me-west1.mtls.run.app; *.northamerica-northeast1.mtls.run.app; *.northamerica-northeast2.mtls.run.app; *.northamerica-south1.mtls.run.app; *.southamerica-east1.mtls.run.app; *.southamerica-west1.mtls.run.app; *.us-central1.mtls.run.app; *.us-central2.mtls.run.app; *.us-east1.mtls.run.app; *.us-east4.mtls.run.app; *.us-east5.mtls.run.app; *.us-east7.mtls.run.app; *.us-south1.mtls.run.app; *.us-west1.mtls.run.app; *.us-west2.mtls.run.app; *.us-west3.mtls.run.app; *.us-west4.mtls.run.app; *.us-west8.mtls.run.app; *.ssh.run.app; seesaw-cloud-agent-531853173205.europe-west1.run.app,
